coupon,obs,jpm_latest,ct10_latest,ct7_latest,ct7_diff_latest,corr_ct10,corr_ct7,mae_ct10,mae_ct7,rmse_ct10,rmse_ct7,mean_diff_ct7
FN 3,748,-3.276081525303168,-2.35590380859306,-2.082602829368568,1.1934786959346,0.9668945344974037,0.8154185329932632,0.5866591614568404,1.6380943407561297,0.9986628633702394,2.1930594062071136,0.06867127584663649
FN 3.5,748,-4.5397788299536,-2.3812108171088617,-2.1069695822219003,2.4328092477317,0.9613741668499325,0.8257310493787302,0.5296161975600584,1.5747170037032916,1.0527514230494293,2.1070796960525344,0.08769765767281427
FN 4,748,-4.6414659589872,-0.9149534951299304,-0.6394585860263433,4.002007372960857,0.9712109902965956,0.8478154250940814,0.4305479352195017,1.4413264707621214,0.8662592189364017,1.9302921308653918,0.11385820503526625
FN 4.5,748,-3.672409835792288,0.5850465048700695,0.8605414139736567,4.5329512497659445,0.9751458042076135,0.852669989986043,0.40486724405514835,1.3231427767832615,0.7629911475096715,1.7882349604631922,0.15405467497967903
FN 5,748,-3.453891726550976,1.4899586411228984,1.7504094596269733,5.204301186177949,0.9650649387296061,0.8413952402100544,0.43922038116528833,1.1602824891995842,0.7918107671322558,1.593642799203679,0.20299946554221007
FN 5.5,748,-1.61491509606496,0.9454847944073306,1.1890110109869516,2.803926107051912,0.9454315526498098,0.8225641376950352,0.4795003420961429,0.9704452191660002,0.8227675296896614,1.3781082119245722,0.23565946260482684
FN 6,748,1.4816949598659777,-0.1518985685290719,0.058091862755802,-1.4236030971101756,0.9276477619607977,0.8312639202639664,0.4572572371512927,0.7632621568086985,0.8196196968563726,1.164538622181742,0.22123709740545136
FN 6.5,748,2.160626013931504,2.315907925387433,2.471363528249072,0.3107375143175677,0.8982346031953199,0.8441866492580693,0.4452272728919948,0.6292930386903028,0.946135014594568,1.112606053473805,0.1694271642648885
G2 3,748,-3.326591729950944,-3.591311968771797,-3.337129521350853,-0.010537791399908958,0.9803338817349418,0.8582177337757744,0.5071087262758445,1.4886242099199491,0.8176437098787064,1.9597592366757397,0.0548867594517998
G2 3.5,748,-5.994104506788096,-3.631194817108902,-3.3569535822219407,2.6371509245661553,0.9584702503783498,0.8539380465916014,0.546491084836043,1.4990426572758488,1.096827915058483,2.035353165058249,0.09266625436226843
G2 4,748,-4.03424203232848,-1.9149534951299303,-1.639458586026343,2.394783446302137,0.9808742524636227,0.8748871389091578,0.3813074783086361,1.3438597052673924,0.7325367308693865,1.7994924059616035,0.10821724220218687
G2 4.5,748,-5.905301696956608,0.3350625048700291,0.6105574139736163,6.515859110930224,0.9770862066004226,0.877514579130913,0.38355641970103843,1.2298738984308695,0.7489907208264246,1.6704883444409633,0.14537941840769772
G2 5,748,-5.063625454127392,1.7292114724284398,1.971484014791436,7.035109468918828,0.9571288928351512,0.8693238334528907,0.4701936819179004,1.079153212234116,0.895638887784633,1.509808610701034,0.18154431422102946
G2 5.5,748,-3.302051457633536,1.1740384570182938,1.3812081213157583,4.683259578949294,0.9396217753947929,0.8656757400836403,0.5092503153559635,0.8846503616134388,0.8969897954063591,1.2852100061418505,0.2029770307851819
G2 6,748,-1.0061002110846753,1.5436710020296505,1.690664303929062,2.6967645150137374,0.8947836290971544,0.8524975594490102,0.534050578568909,0.7185087120931785,1.1203289346579088,1.2654122728100476,0.17411929148034014
G2 6.5,748,0.276395679302359,-0.2224257510120972,-0.1026998633243043,-0.3790955426266633,0.9031846281657752,0.8799605766746856,0.5483973229035466,0.6518155139178968,1.1013194465217648,1.1859996926167473,0.13135213914057506
