agency,structure,series_key,level_latest,chg_5d,chg_20d,chg_40d,corr_all,corr_obs,corr_20d,corr_40d,corr_60d
FN,FN 3.5 fly,fn_3.5_fly_change_32nds,28.0,-3.2499840000000404,-1.9999680000000808,-3.000031999999919,-0.08866147001560971,748,-0.23104254453906295,0.034551581106470663,-0.0011980022852519825
FN,FN 4 fly,fn_4_fly_change_32nds,-2.0,-0.5,-1.0000319999999192,2.2500159999999596,-0.3345616939019127,748,-0.025809127360516975,-0.3351254946578696,-0.36181765119527465
FN,FN 4.5 fly,fn_4.5_fly_change_32nds,-0.7499840000000404,2.2500159999999596,-1.7499520000001212,-7.74998400000004,-0.4349764057020284,748,-0.7172706454003007,-0.5431533338609822,-0.42720942273299245
FN,FN 5 fly,fn_5_fly_change_32nds,0.7499840000000404,-0.2500159999999596,-3.000031999999919,-2.0,-0.5720003747080621,748,-0.7060514824199539,-0.7887454180785878,-0.7437374044834857
FN,FN 5.5 fly,fn_5.5_fly_change_32nds,5.0,0.7500159999999596,-6.0,-6.000031999999919,-0.1817833023822352,748,-0.7793761827623265,-0.7158011972715012,-0.5246530504619853
FN,FN 6 fly,fn_6_fly_change_32nds,6.0,-3.500031999999919,1.7499840000000404,1.5000319999999192,0.3487614463792293,748,0.31254028404967543,0.5740910376806738,0.2322500968136142
G2,G2 3.5 fly,g2_3.5_fly_change_32nds,-81.5,-6.24998400000004,-12.49996800000008,-3.2500159999999596,-0.06917873325375853,748,-0.29065562185446553,-0.25612348806868235,-0.2963076334775117
G2,G2 4 fly,g2_4_fly_change_32nds,-8.5,2.5,4.999968000000081,-2.499968000000081,-0.18778561141870487,748,0.2330331547167671,0.05460680437525968,-0.08564059931682173
G2,G2 4.5 fly,g2_4.5_fly_change_32nds,-2.7499840000000404,-1.2499840000000404,-9.49996800000008,-14.25001599999996,-0.49361763670414344,748,-0.685225546089106,-0.6231090845246657,-0.48048157738816544
G2,G2 5 fly,g2_5_fly_change_32nds,23.99996800000008,2.2499840000000404,2.499968000000081,9.0,-0.318282216155774,748,-0.6787800511035991,-0.7423883152806126,-0.6626187488315878
G2,G2 5.5 fly,g2_5.5_fly_change_32nds,6.500031999999919,-1.7499840000000404,-6.749952000000121,-6.5,0.055813031258951186,748,-0.5671837407113064,-0.23942633333283633,-0.13377283271473844
G2,G2 6 fly,g2_6_fly_change_32nds,16.74998400000004,14.74998400000004,6.249952000000121,-0.5,0.2130463798766453,748,0.13342681874845838,0.36117639622366005,0.3839833676251711
