family,structure,unit,obs,latest,corr_all,corr_20d,corr_40d,corr_60d,mean,vol_all,vol_20d,vol_40d,vol_60d,p05,median,p95
Current-coupon basis,FN current-coupon basis,bps/day,750,-0.7999999999999972,0.3911835293145356,0.6346617838116011,0.5343517828609243,0.4909065535519042,-0.06522666666666668,2.7766646125251584,1.8763441497819753,1.9635351263238692,1.8165819707618966,-4.310999999999988,-0.10500000000000398,4.330499999999985
Current-coupon basis,G2 current-coupon basis,bps/day,750,0.44999999999998863,0.3725373745960033,0.2785326939481981,0.22163425480617363,0.16355112976110744,-0.059306666666666674,3.2995666340575194,1.6538697842206003,1.5405576537784575,1.5539922252566747,-5.38100000000001,-0.04000000000000625,5.160000000000013
G2/FN relative perf,G2/FN 3,32nds/day,748,-0.050510204647776114,-0.03828110352085569,-0.3888056012279584,-0.2556903024046194,-0.18179069472181936,-0.010250246469584421,1.1771164152907672,0.7622267557802754,0.8288040354991991,0.7574617691172675,-1.9255286980076374,-0.05120238782613917,1.8897572214482057
G2/FN relative perf,G2/FN 3.5,32nds/day,748,-1.4543256768344959,0.017306447533243476,0.035162532457892186,0.03651720050811697,-0.008059744060338244,-0.12093234634909342,1.49747904026643,0.7459009072689922,0.8450251734236753,0.8370269975252186,-2.3467598026385526,-0.14714226400488362,2.187234969555891
G2/FN relative perf,G2/FN 4,32nds/day,748,0.6072239266587198,-0.06414421550242448,0.18657630065139327,0.28699597115751235,0.269608478554024,-0.0700534872140817,1.0751992481813424,0.7104415136568966,0.730896305664306,0.7557253615355707,-1.8186595095444031,-0.05895727501991194,1.6570500416289922
G2/FN relative perf,G2/FN 4.5,32nds/day,748,-2.23289186116432,-0.0719517876752951,0.09469839135018047,-0.0313064911973948,0.12928229855768722,-0.027691284023026987,0.9869662205270467,0.8830296170266803,0.8549656862100126,0.9069873906738128,-1.6600205961172712,-0.06128308443306396,1.5906196059507527
G2/FN relative perf,G2/FN 5,32nds/day,748,-1.6097337275764159,0.07831729912248235,-0.45046579194426367,-0.51125375593794,-0.37127750749322014,-0.010559437414944015,1.0964880198746831,0.7851548568430997,0.866012203975984,0.8260076232246533,-1.7514703275962877,0.016587172120489657,1.6239867673509627
G2/FN relative perf,G2/FN 5.5,32nds/day,748,-1.687136361568576,0.3085286682416494,-0.2924709512344643,-0.006289218523160114,0.18933569996417704,-0.009364327167019522,1.0731428581963325,1.124644590189132,0.924891335893317,0.977542819948682,-1.719242154921561,0.015069645406003834,1.789186069182639
G2/FN relative perf,G2/FN 6,32nds/day,748,-2.487795170950653,0.18523081259939,-0.2733964975101012,-0.10592677004486448,0.057990525344585105,-0.011349989394965416,1.194413479067128,1.4372423134755716,1.173796751145244,1.3779236018625092,-1.8653089140178962,-0.01711094727894716,1.9910072922158024
G2/FN relative perf,G2/FN 6.5,32nds/day,748,-1.8842303346291451,0.2169595714029189,0.3217516164988641,0.3119232816827145,0.21615828023805203,0.0033607077900996967,1.339034912723834,2.095554127096822,1.7641548579063147,1.6054743075383162,-1.8781225584968286,-0.064907217910924,2.05298085831589
Adjacent coupon swap,FN 3.5/3,32nds/day,748,-1.263697304650432,-0.20054183613976628,-0.18088254515214935,-0.10985398586201095,-0.17002640708045536,-0.008722581025869102,0.9402176476562077,0.6895476524639151,0.6920026766681026,0.6707201571274618,-1.5397931676280263,0.004963265225167435,1.3563406936006743
Adjacent coupon swap,FN 4/3.5,32nds/day,748,-0.10168712903359989,-0.11363803719218268,0.05545875692019251,-0.045415033374136285,-0.026506350564337536,-0.03351865696609313,0.8876076396666122,0.5963766726274894,0.727754477504223,0.6650868337840652,-1.4981771741747782,-0.060249381873748786,1.4797552664650957
Adjacent coupon swap,FN 4.5/4,32nds/day,748,0.9690561231949122,0.06379780473951294,-0.13083720679246347,0.1530645712069234,0.17118898615013425,-0.02572142401435397,0.8724797760117091,0.6345282602954373,0.6378581104486271,0.7119095140643744,-1.4245762698877646,-0.030852621302050243,1.3812167437193967
Adjacent coupon swap,FN 5/4.5,32nds/day,748,0.218518109241312,0.2790816925059382,-0.02624215738348195,0.000646416583580709,-0.031744064174797415,-0.029769129558048026,0.9183334340076134,0.5899521544274864,0.5892687273644442,0.6117330185981433,-1.4293612402934701,-0.0018344524738576062,1.4058898536907267
Adjacent coupon swap,FN 5.5/5,32nds/day,748,1.8389766304860158,0.4076717292379423,0.34312557631499074,0.5846368744119379,0.5565608735749115,-0.01024791615602748,1.0661264125487198,1.038454895768038,0.9853781542903366,0.917864766299723,-1.3919031055104998,-0.006144484112481585,1.5794696424346615
Adjacent coupon swap,FN 6/5.5,32nds/day,748,3.0966100559309377,0.48632456402059315,0.36259281851130315,0.5651395115562214,0.5386129855504336,-0.004129867754793699,1.0094602199679785,1.313127559571227,1.1143019052390954,1.0115461597048208,-1.6586276652705618,0.03827725994495046,1.5544300705693417
Adjacent coupon swap,FN 6.5/6,32nds/day,748,0.6789310540655265,0.41419977821214765,-0.10153126375690213,-0.3561063437102391,-0.24947217748141595,0.012996906379613073,0.866226359509824,0.6672816228792051,0.7947688601868342,0.7170567170256408,-1.3673390304670523,0.018963980918625556,1.3514636299898422
Adjacent coupon swap,G2 3.5/3,32nds/day,748,-2.667512776837152,-0.06665921490251805,0.17121084885508506,0.11383534011227281,0.011717857557121594,-0.11940468090537809,1.7638313894272872,1.1556432542514312,1.4648865259210306,1.4433644807620927,-2.7497727528444775,-0.13032837822077104,2.553842179099922
Adjacent coupon swap,G2 4/3.5,32nds/day,748,1.9598624744596158,-0.1159646429307589,0.09948118923615766,0.10632735916358506,0.1429635545640923,0.017360202168918575,1.688013171491171,1.4012507749004481,1.371757453872398,1.3490652503430238,-2.5558704381978354,0.0471390369148863,2.696828897807071
Adjacent coupon swap,G2 4.5/4,32nds/day,748,-1.8710596646281275,0.04587537761684218,-0.1581753674388294,-0.16204118750906246,0.037852656914441805,0.01664077917670074,1.1687341993850566,0.8342004987549805,0.8571696786320343,0.9346376325481083,-1.8710596646281275,0.03966387681455674,1.9609037696957012
Adjacent coupon swap,G2 5/4.5,32nds/day,748,0.8416762428292159,0.2929153543736565,-0.4333680266665549,-0.35729213272824956,-0.3805071135024314,-0.012637282949965049,1.4105713717532216,1.0448129027924398,1.163208100862258,1.1651670694660665,-2.2073138926195135,0.030188743665633358,2.06233291318786
Adjacent coupon swap,G2 5.5/5,32nds/day,748,1.7615739964938557,0.46964585747156334,0.2393728019323807,0.6025087992392416,0.5909343622684172,-0.009052805908102955,1.447582138775178,1.5919935882631444,1.6813423368528508,1.6966510762513127,-2.207915575099536,-0.015987538177158256,2.2309759707070156
Adjacent coupon swap,G2 6/5.5,32nds/day,748,2.295951246548861,0.2803346704018821,0.31341441328892355,0.4235397870387218,0.3612620227140409,-0.006115529982739609,1.359347180499217,1.3149346805108748,1.2070091058290375,1.2169966089833664,-2.3685547711497503,0.024771767417345658,2.1101674231021796
Adjacent coupon swap,G2 6.5/6,32nds/day,748,1.2824958903870343,0.2687944493686571,0.4189642599607538,0.19758049817410714,0.043512537282054065,0.02770760356467818,1.5925367076841126,2.3854898651086467,1.9819528847004515,2.0280212707679257,-2.5167372239046277,0.01469439036549125,2.563645203997591
100bp coupon swap,FN 6.5/5.5,32nds/day,748,3.775541109996464,0.5143080146729633,0.2279594629640939,0.23523232609672318,0.28121839206338506,0.008867038624819377,1.6521540460590713,1.791461828901757,1.4739207289670693,1.3012882757829898,-2.6592129210349507,0.09793438838060342,2.4077816567263923
100bp coupon swap,FN 6/5,32nds/day,748,4.935586686416953,0.48456239609355306,0.37024922036211627,0.60518602800603,0.578243994085885,-0.014377783910821175,1.910084040824632,2.2483533028460307,1.992485587719288,1.8256644669953939,-2.797019447212847,0.06610885943924155,2.7621508006000757
100bp coupon swap,FN 5.5/4.5,32nds/day,748,2.0574947397273275,0.3840489559454965,0.2385330750428303,0.4382737777620601,0.4064662942325358,-0.0400170457140755,1.7990405560057543,1.428895415200266,1.3153178368536282,1.2090269991096527,-2.4702350953411782,0.0004299853278783017,2.5941877204547925
100bp coupon swap,FN 5/4,32nds/day,748,1.1875742324362242,0.21350295542681696,-0.0987177932083715,0.10585296445329584,0.11141742116903858,-0.055490553572402,1.4611148722188658,0.9978092022907319,0.9259484772150818,0.9195346173706191,-2.479742968782157,-0.020342090997659268,2.1338189714343883
100bp coupon swap,FN 4.5/3.5,32nds/day,748,0.8673689941613123,-0.03542542816507428,-0.05325674127712895,0.06800188369480253,0.11098814228653522,-0.059240080980447085,1.2760239726303997,0.9378267443724385,0.9497161074610385,0.9392178391651085,-2.186458531226106,-0.032350278894494267,1.931505160641311
100bp coupon swap,FN 4/3,32nds/day,748,-1.365384433684032,-0.21248545080085243,-0.0997867938456014,-0.1058182670382335,-0.1383785155264452,-0.04224123799196224,1.3620648487210536,0.9184865244097795,1.0307317365516333,0.9515144944567897,-2.282633247459811,0.008742716717779153,2.1028211872853007
100bp coupon swap,G2 6.5/5.5,32nds/day,748,3.5784471369358952,0.37791015833919944,0.46352217255613787,0.3584814561057511,0.2333820518504198,0.021592073581938574,2.1410834120051523,3.0452793004497334,2.5184332482933933,2.261952037720925,-3.355261355904243,-0.03228518082665195,3.451261473540454
100bp coupon swap,G2 6/5,32nds/day,748,4.057525243042717,0.46339506780686723,0.29244926697645945,0.575621282975094,0.5579552989436328,-0.01516833589084256,2.2894570364195883,2.712263414051763,2.6479909225140505,2.5849097249630324,-3.9126416614886885,0.06317266306590119,3.3813974291607143
100bp coupon swap,G2 5.5/4.5,32nds/day,748,2.6032502393230716,0.4717715624739932,-0.03220627586363104,0.2939305107580087,0.28753087371411773,-0.021690088858068012,2.3168606482343272,2.2265393348057936,2.0325159432506466,1.9450261328876346,-3.640725582844681,-0.02613539717814245,3.629294204990342
100bp coupon swap,G2 5/4,32nds/day,748,-1.0293834217989115,0.24031266276818683,-0.41625769255066286,-0.3848342056857652,-0.2984663649909101,0.00400349622673568,1.9424450238280657,1.404751159658076,1.4408851593585355,1.3669072584405797,-3.1814676478779096,0.08055099466890084,2.955514282640462
100bp coupon swap,G2 4.5/3.5,32nds/day,748,0.08880280983148836,-0.07000699689271002,0.005477093825507161,0.004773613415524371,0.14693152156969755,0.034000981345619324,2.0302788045845337,1.35986772077446,1.4577122726966187,1.5534153511357758,-3.227030758449091,0.07479354098550081,3.262082578242016
100bp coupon swap,G2 4/3,32nds/day,748,-0.707650302377536,-0.1637883812062222,0.27300027045415576,0.27079693473715616,0.17399137137164244,-0.10204447873645954,1.9129895419109808,1.2353715088932824,1.1544118979439397,1.2056937149396199,-3.173403588903373,-0.09657315696734248,2.936904246704946
Three-price fly,FN 3.5 fly,32nds/day,748,-1.5,-0.08866147001560971,-0.23104254453906345,0.034551581106470546,-0.0011980022852519966,0.026737967914438502,1.5103230933367346,0.8675392425581544,1.61269776539605,1.3831523226420976,-1.7500479999998788,3.199999991920777e-05,2.0
Three-price fly,FN 4 fly,32nds/day,748,0.0,-0.3345616939019127,-0.025809127360516895,-0.3351254946578677,-0.36181765119527326,-0.01804812834224599,1.5471352897590702,0.7270603687639728,1.0035774181346422,1.0605266790179482,-2.000031999999919,0.0,2.2499840000000404
Three-price fly,FN 4.5 fly,32nds/day,748,1.0,-0.4349764057020284,-0.7172706454002975,-0.5431533338609817,-0.4272094227329903,-0.014705839572192621,1.3155787151606526,0.8604003173127323,0.8838633977151347,1.0276836867034447,-1.7500367999999071,0.0,1.7500479999998788
Three-price fly,FN 5 fly,32nds/day,748,1.5,-0.5720003747080621,-0.7060514824199532,-0.7887454180785864,-0.7437374044834827,-0.00969257754010679,1.0404875896218715,1.0328503333671655,1.1605172147221463,1.1577103325620455,-1.7499840000000404,0.0,1.581214400000087
Three-price fly,FN 5.5 fly,32nds/day,748,1.0,-0.1817833023822352,-0.7793761827623257,-0.715801197271499,-0.5246530504619833,-0.00935824598930492,0.9046981221498319,1.021477361617199,0.9625189763485897,0.9100108123709721,-1.5812767999999322,0.0,1.2500479999998788
Three-price fly,FN 6 fly,32nds/day,748,-3.0,0.3487614463792293,0.3125402840496749,0.5740910376806719,0.23225009681361336,-0.0036764919786095715,1.1463493677588195,1.020435041746694,1.1101921711556775,1.4714423803244194,-1.750004799999988,3.199999991920777e-05,1.5
Three-price fly,G2 3.5 fly,32nds/day,748,-1.2499840000000404,-0.06917873325375853,-0.2906556218544655,-0.2561234880686817,-0.2963076334775109,-0.12834224598930483,3.229441279616722,2.130214938627919,2.360622565227055,2.3279541685828224,-4.5,-0.2499520000001212,3.999988800000028
Three-price fly,G2 4 fly,32nds/day,748,-0.5000319999999192,-0.18778561141870487,0.23303315471676775,0.05460680437525953,-0.0856405993168211,-0.0213903743315508,2.30475827588873,1.4873390936650042,1.4817244979633672,1.5370370357787404,-3.2499840000000404,0.0,3.2500159999999596
Three-price fly,G2 4.5 fly,32nds/day,748,1.7500479999998788,-0.49361763670414344,-0.6852255460891062,-0.6231090845246641,-0.4804815773881638,-0.0020053048128343327,2.0038322597346476,1.4799220891779366,1.6113966241017104,1.5873773735466514,-3.000031999999919,0.0,2.999968000000081
Three-price fly,G2 5 fly,32nds/day,748,1.9999360000001616,-0.318282216155774,-0.6787800511035983,-0.7423883152806091,-0.6626187488315851,0.02139028877005369,1.81702712804889,1.6232219424370602,1.8412995969867003,1.905595793271361,-3.2499840000000404,3.199999991920777e-05,2.7500159999999596
Three-price fly,G2 5.5 fly,32nds/day,748,-0.2499520000001212,0.055813031258951186,-0.5671837407113035,-0.23942633333283558,-0.13377283271473764,-0.007352855614973478,1.794270508145462,1.2883056073491808,1.2817172577838283,1.3052865147104207,-2.999968000000081,3.199999991920777e-05,2.750036799999907
Three-price fly,G2 6 fly,32nds/day,748,1.2499840000000404,0.2130463798766453,0.1334268187484585,0.3611763962236594,0.38398336762516944,-0.001671187165775239,2.735990115791793,2.3977501407842556,2.568427175238922,2.9419927872216034,-4.500020799999947,0.0,3.5
