date,10y,2s10s,1y10y_vol,FNCC,G2CC
2023-09-18,4.31752076863835,-0.7458932479417895,106.13274761,165.38,159.26
2023-09-19,4.36566797198026,-0.74261681863908,107.15395212,165.04000000000002,158.63
2023-09-20,4.34571488779608,-0.7722740793271194,106.92833923,164.22,156.72
2023-09-21,4.47891879085872,-0.6691758554395699,112.16936633,170.88,163.08
2023-09-22,4.43875997295247,-0.6828115743217698,110.78356765,166.94,158.07
2023-09-25,4.54054981424347,-0.58973930816438,116.44664221,171.60999999999999,166.64000000000001
2023-09-26,4.55705436654744,-0.5174314850880997,117.34018102,175.66,172.0
2023-09-27,4.62498242361018,-0.5154321238917197,120.75804174,177.57,174.0
2023-09-28,4.5963273785706,-0.47330049735194013,120.98032981,172.34,167.87
2023-09-29,4.57008761931672,-0.4745230927387203,119.48083527,176.96,169.97
2023-10-02,4.68163744687722,-0.4297796348534897,122.49671854,178.98000000000002,175.13
2023-10-03,4.80072112094976,-0.34634934547553,129.03199531,186.38,180.76000000000002
2023-10-04,4.73294411360084,-0.31471844817051053,127.4497062,178.76000000000002,175.04
2023-10-05,4.71541993701914,-0.30813169450711975,127.37594545,180.35000000000002,175.37
2023-10-06,4.77989976141521,-0.2982065898588493,128.21448036,175.43,172.25
2023-10-10,4.65399613571246,-0.3292718171410396,127.40479782,180.21,176.06
2023-10-11,4.59629890590128,-0.40795678738634944,124.04764071,180.8,172.36
2023-10-12,4.70941120768437,-0.3603001007109192,124.60654601,183.1,176.61
2023-10-13,4.62792014937618,-0.42378676382532987,124.85122308,186.64000000000001,181.67
2023-10-16,4.70910337723536,-0.3872596268656503,124.57126752,186.35999999999999,182.01
2023-10-17,4.84574351596388,-0.36695706816044993,126.10196136,187.5,184.51
2023-10-18,4.90105025467829,-0.3161369908029501,127.33301148,186.09,181.70999999999998
2023-10-19,4.98661741631974,-0.1836767170081295,130.72095811,184.41,177.47
2023-10-20,4.92218291333332,-0.16057579808441957,131.151577724622,188.34,183.38
2023-10-23,4.83646525028719,-0.22486998459480034,127.248181178176,189.18,186.15
2023-10-24,4.83879418817122,-0.2297058118555002,125.432074162718,183.94,179.92999999999998
2023-10-25,4.95170375487692,-0.16787865736782948,126.823246614122,187.32999999999998,181.27
2023-10-26,4.84345710818577,-0.19497966982139037,125.845991180379,187.46,179.04
2023-10-27,4.84304997944118,-0.16837345407379978,124.809624701027,186.54999999999998,179.44
2023-10-30,4.87614851458794,-0.16124896356949048,125.204617243396,182.98000000000002,175.19
2023-10-31,4.87318667381641,-0.1964415435390201,123.141439654597,178.2,168.82999999999998
2023-11-01,4.78875159036816,-0.17985109416521983,120.189621977729,173.39,160.92
2023-11-02,4.66840294931852,-0.3052797604411399,119.223933570715,173.35,160.98
2023-11-03,4.55688244427427,-0.27341219558637064,117.836030061648,169.15,152.53
2023-11-06,4.66077755137009,-0.2789303094316393,117.64682256163,168.99,160.8
2023-11-07,4.56958975655324,-0.3469137980408794,116.430263785056,168.37,158.51999999999998
2023-11-08,4.506038447821,-0.4291502363493098,114.694399525069,168.57999999999998,158.57000000000002
2023-11-09,4.62802066333472,-0.39321523507260014,116.256106458302,175.67999999999998,170.3
2023-11-10,4.62702989695267,-0.4331629238212207,117.416553048047,167.19,156.82
2023-11-13,4.63099352434734,-0.40802613351338035,118.949249282197,166.64000000000001,156.22
2023-11-14,4.4404638381476,-0.37443793314530005,116.012332766976,160.47,147.70000000000002
2023-11-15,4.53626833700692,-0.3787167856707505,116.042274788661,164.20999999999998,153.48999999999998
2023-11-16,4.44429981835868,-0.3963948250739593,114.850815156238,162.76999999999998,150.28
2023-11-17,4.44031677343654,-0.46541113092510056,114.010007797055,158.7,149.08999999999997
2023-11-20,4.42081637908729,-0.4889744640358602,113.526344029658,158.94,147.95000000000002
2023-11-21,4.41689268956018,-0.46392166020809,112.775074025525,155.91,144.4
2023-11-22,4.41488004460401,-0.4932698502614494,112.135879383433,158.12,145.1
2023-11-24,4.48313823097952,-0.4738552863887193,112.040409503403,161.49,150.92000000000002
2023-11-27,4.38752131396326,-0.46697868624123995,111.187373878444,157.32,143.57
2023-11-28,4.33516418875935,-0.4001051022245896,111.273949627616,157.77,143.27
2023-11-29,4.26958672351399,-0.37691392487159003,111.69590395934,155.95000000000002,139.38
2023-11-30,4.34860931975564,-0.3657087898770994,111.247770149246,156.65,142.13
2023-12-01,4.22328278239933,-0.34197957507278964,112.575128375895,155.42000000000002,136.9
2023-12-04,4.28370379797835,-0.37232356258245947,112.551435528874,153.89,137.0
2023-12-05,4.16869039542236,-0.4070187101438494,112.568013071208,154.85,136.71
2023-12-06,4.1201184560278,-0.48109942404879025,111.218498679834,152.32000000000002,137.27
2023-12-07,4.12761598856708,-0.4502784380851299,111.799476346015,150.39000000000001,134.71
2023-12-08,4.24388562199981,-0.4811561240761604,110.891688265228,148.97,134.31
2023-12-11,4.23805438728912,-0.4867160760736997,110.815478136627,148.76,132.41
2023-12-12,4.2053781587801,-0.5243748025700201,109.682868779484,148.35,133.83
2023-12-13,4.03241801901424,-0.44530623410674064,109.678454310346,138.47,127.42999999999999
2023-12-14,3.92915405924601,-0.46845980607848015,106.92226094623,141.71,129.84
2023-12-15,3.92687989161524,-0.5274406077327001,105.148128640488,146.23,135.78
2023-12-18,3.95479525206531,-0.5010048406546099,104.026313312314,145.60999999999999,136.91
2023-12-19,3.92100577587592,-0.5152089033750595,105.129057700295,144.54,135.23000000000002
2023-12-20,3.8761462608201,-0.4919773296502399,106.820655616401,147.36,138.92
2023-12-21,3.89275199360404,-0.45565837280134014,107.267875380565,144.18,136.7
2023-12-22,3.90710743721508,-0.4308162833231899,107.332482735062,144.42999999999998,136.08
2023-12-26,3.88458137704368,-0.4014524673261195,107.527890721712,141.27,134.42000000000002
2023-12-27,3.78795310842675,-0.4527870402741403,108.615936292303,136.14,126.4
2023-12-28,3.8489289731176,-0.43092246129418,107.770384018157,142.09,136.45000000000002
2023-12-29,3.85948694112431,-0.3883219494502499,107.371816471083,138.9,133.64000000000001
2024-01-02,3.94347033597003,-0.38388767968195037,107.707179636009,146.16,143.77
2024-01-03,3.9058566177203,-0.4101424728636198,109.034761380082,145.74,139.52
2024-01-04,3.99026214857372,-0.3911682497560802,109.877943611901,149.79,142.60999999999999
2024-01-05,4.04099005980185,-0.34912366379928983,109.638416751645,148.19,139.08
2024-01-08,4.00111728753722,-0.34213675920432074,108.594823208894,142.98,129.26999999999998
2024-01-09,4.01613446013593,-0.3543606924136,108.218224287934,147.71,135.07
2024-01-10,4.02928404004939,-0.33921873938284985,108.063624735842,145.85,133.64000000000001
2024-01-11,3.97432235611871,-0.28330687817335987,105.864064265065,141.55,128.56
2024-01-12,3.94931464156287,-0.18638073880071948,106.17480936477,139.39999999999998,126.27999999999999
2024-01-16,4.06475469209608,-0.1610847104194404,105.620672416007,143.9,130.92
2024-01-17,4.10282841838417,-0.25054655948411053,105.195877550343,146.45999999999998,131.25
2024-01-18,4.1429769139244,-0.2125993617011499,107.487499260422,145.56,131.81
2024-01-19,4.14464620195392,-0.2611482216702701,107.944331623628,146.06,133.59
2024-01-22,4.0927960986321,-0.2822918209902703,107.152443379162,147.94,134.3
2024-01-23,4.14063552874343,-0.20536447151654968,108.150988817213,149.35,136.09
2024-01-24,4.17713491431995,-0.1985928063983895,109.099186956881,149.06,132.97
2024-01-25,4.13085928962617,-0.1819567238259996,108.371907845138,143.22,129.53
2024-01-26,4.15947285339532,-0.20490304926546,107.571650296448,145.34,132.47
2024-01-29,4.0902197203309,-0.23084155116193017,107.654854655265,142.57,128.1
2024-01-30,4.05569855601934,-0.30248676049861967,105.006201192735,142.5,130.47
2024-01-31,3.96431260724418,-0.26296222309639994,105.418153107165,147.39,132.06
2024-02-01,3.86240137465479,-0.3307677722157596,105.76988570392,138.74,124.81
2024-02-02,4.02941367092672,-0.3395504009258197,106.957117095588,149.71,138.59
2024-02-05,4.16270644188275,-0.30736191772025023,107.854017987846,153.68,137.54
2024-02-06,4.09138672361555,-0.31423475756413044,107.537442818283,147.37,133.86
2024-02-07,4.09444956370945,-0.3259317073201604,107.768690213559,150.92000000000002,138.67000000000002
2024-02-08,4.16858880426155,-0.2854263219059794,108.475973829625,151.41,141.15
2024-02-09,4.18608581160411,-0.3011433853398797,108.639886602758,150.54000000000002,141.45000000000002
2024-02-12,4.16761761282563,-0.30092595805481004,107.928058132528,150.23,140.37
2024-02-13,4.31530635165388,-0.3382582159792298,112.665602937339,159.84,156.14
2024-02-14,4.26616978307302,-0.31059295421462974,111.562032252548,159.51,154.14000000000001
2024-02-15,4.23879364441174,-0.32670154959979936,110.783539712427,154.12,148.17000000000002
2024-02-16,4.29391518913925,-0.35937511091978,112.410197034476,160.29,155.17000000000002
2024-02-20,4.27429985881646,-0.33677770302158994,110.135469585656,157.31,149.78
2024-02-21,4.32162260600282,-0.32944322020199035,109.889451414345,160.32,154.81
2024-02-22,4.32563127566386,-0.38701277954718005,110.559370368718,157.69,150.61
2024-02-23,4.25881705861284,-0.4297254978956193,109.111825004219,155.28,148.03
2024-02-26,4.29822692596237,-0.41577307358910964,108.704417943953,157.61,151.29999999999998
2024-02-27,4.31407220971851,-0.3968110187838505,108.92423801124,158.44,154.57
2024-02-28,4.2727206144991,-0.3739920485200301,108.285704627632,155.51999999999998,150.13
2024-02-29,4.25113964415576,-0.39345439927269954,108.453622087835,155.88,148.52
2024-03-01,4.18075003065415,-0.35158494884029956,108.797503635286,154.72,150.36
2024-03-04,4.21794892535201,-0.38899842503813,109.060946851967,155.63,149.44
2024-03-05,4.13598100760258,-0.41468289663735014,107.80332610011,152.6,147.32
2024-03-06,4.10298322635244,-0.4568850363386998,106.677720323203,149.79,143.67000000000002
2024-03-07,4.09039629801714,-0.4224198364773102,106.372870504855,146.45999999999998,140.67000000000002
2024-03-08,4.08751945416117,-0.3974740484630699,104.436064139007,144.76,137.09
2024-03-11,4.10304809780107,-0.42880674171702005,103.996740654109,144.5,137.63
2024-03-12,4.15366883599352,-0.44412872702672956,103.455819189547,144.55,137.94
2024-03-13,4.19083991519551,-0.4289518706458999,103.580802679061,142.22,134.65
2024-03-14,4.29719686755143,-0.3921333259399695,106.244310736655,149.36,145.2
2024-03-15,4.30331150352205,-0.41894633349424026,106.137143447994,150.6,149.54000000000002
2024-03-18,4.33910539319769,-0.3949018094937795,106.340497732161,151.28,150.72
2024-03-19,4.29550347301076,-0.3949985702522696,105.888992547988,148.4,146.16
2024-03-20,4.2698362439352,-0.3324738636759701,103.130704074452,143.37,138.06
2024-03-21,4.26988836561092,-0.35998320986584,102.909795828917,141.88,135.20000000000002
2024-03-22,4.21677070610472,-0.38198128507664997,102.549565126848,142.35,134.01000000000002
2024-03-25,4.25230628891162,-0.3326557617455803,102.181213392847,138.17999999999998,128.14000000000001
2024-03-26,4.23261689826413,-0.36348041757160043,101.534930582143,136.60000000000002,126.62
2024-03-27,4.19525231224064,-0.3739566008315993,99.6054895222173,136.98999999999998,125.55000000000001
2024-03-28,4.19244966560193,-0.4254583495980402,99.1873661365108,138.97,127.98
2024-04-01,4.32810212500683,-0.38754836673756987,101.164277629965,144.46,136.57999999999998
2024-04-02,4.36310623624325,-0.3371333722394496,101.143180875242,140.34,129.82
2024-04-03,4.35418480257089,-0.3233167020871699,100.758662662507,140.72,128.7
2024-04-04,4.30738896812443,-0.3327338450677102,100.632572003254,139.09,123.79
2024-04-05,4.37550399761197,-0.3550517899503003,101.081514020585,138.65,123.88999999999999
2024-04-08,4.42279913015326,-0.36473205007335974,102.242504744433,140.32,125.47999999999999
2024-04-09,4.36464002005096,-0.38111013470125066,100.976011515906,140.35999999999999,125.47999999999999
2024-04-10,4.55780906423155,-0.40994676382299033,105.387465365434,147.54,136.9
2024-04-11,4.57529257550408,-0.38453380750456034,108.373676284126,144.38,133.71
2024-04-12,4.49719998338632,-0.3834639713722501,107.937772718086,148.26,137.0
2024-04-15,4.62707311603862,-0.3093707062341098,110.863851439828,154.48999999999998,140.49
2024-04-16,4.65604248128463,-0.3065179099178197,111.28793469210027,152.47,140.53
2024-04-17,4.58423803997519,-0.3457702549409598,108.45041568903187,148.15,134.29
2024-04-18,4.64499020836727,-0.3443632507900496,108.68105771786938,151.07999999999998,134.60000000000002
2024-04-19,4.61349983113323,-0.3540035807740498,109.09483271226249,150.48999999999998,132.93
2024-04-22,4.62186532118131,-0.34835852278919077,107.02674902191056,148.79,130.98000000000002
2024-04-23,4.59732810384604,-0.30517189743604956,105.77365619525176,146.26999999999998,128.77
2024-04-24,4.65307371931782,-0.2821036298811297,107.66609054991275,147.59,129.7
2024-04-25,4.70498601768215,-0.29149591142916975,109.92550971790848,150.38,129.26
2024-04-26,4.66710174607115,-0.3314598923547294,108.26989277029496,148.31,126.61
2024-04-29,4.61047524323392,-0.3610583003901695,107.69415856723786,151.12,128.54000000000002
2024-04-30,4.68294219403541,-0.3615317753417804,108.45309437990304,153.37,127.79
2024-05-01,4.59016940847902,-0.34707654889947026,107.18259626894735,149.15,127.3
2024-05-02,4.56975727661353,-0.30603363457748944,106.53996550613235,145.53,127.8
2024-05-03,4.49849848899568,-0.3050227927853095,103.82069640895413,142.23,124.83
2024-05-06,4.48739408878726,-0.3337137882910497,102.88004018973052,146.62,129.70999999999998
2024-05-07,4.46001530229297,-0.36617576200846,101.65017869023129,142.85000000000002,126.23
2024-05-08,4.4819247271214,-0.3598431978846701,103.02395037500283,143.99,128.58
2024-05-09,4.44822736595472,-0.3577569007294503,102.13678400209831,140.85000000000002,125.91000000000001
2024-05-10,4.50225540684528,-0.36432841738005006,102.72311243065965,142.49,126.93
2024-05-13,4.47962788534604,-0.37631803102532047,102.35385642321191,140.92,126.27
2024-05-14,4.44430892525266,-0.3735190349180604,101.99889678597192,140.24,126.38000000000001
2024-05-15,4.35359655998096,-0.3817170382700805,98.61579675129428,134.22,119.56
2024-05-16,4.37594181763973,-0.41408392632264945,98.66562142959036,138.6,126.17
2024-05-17,4.41884366938564,-0.40463330019727994,99.63526933723782,139.7,121.52000000000001
2024-05-20,4.43646203372552,-0.39965128600012,98.83273212885044,139.87,124.8
2024-05-21,4.41296307835661,-0.4187689567067405,97.32716714759621,136.09,119.30000000000001
2024-05-22,4.43155800342764,-0.4448962736638098,97.32220477174575,140.34,123.85999999999999
2024-05-23,4.47378514599456,-0.45826807010617987,98.86774606980904,142.15,127.71999999999998
2024-05-24,4.47184342041222,-0.47964976476821963,99.27270810262428,141.25,126.35000000000001
2024-05-28,4.54102314560894,-0.4139768541468696,99.43494634126561,142.31,127.4
2024-05-29,4.62267753419787,-0.36132832726570996,102.6229678305956,143.72,129.72
2024-05-30,4.55297646560846,-0.3749334661677093,100.99316908922674,142.16,125.71000000000001
2024-05-31,4.51140189989497,-0.38000290887039956,101.36806919158683,142.95,125.66999999999999
2024-06-03,4.40014970040999,-0.41723865477989985,101.53343014856154,143.06,126.18
2024-06-04,4.3347076164437,-0.4346184185309392,102.48946929792184,141.17,124.42999999999999
2024-06-05,4.2880473754338,-0.4404356064882595,102.6686968958526,139.68,126.6
2024-06-06,4.28026176732651,-0.43857005324661014,101.86620253898121,142.15,129.26999999999998
2024-06-07,4.42662330239101,-0.44231322488918945,101.84611643912298,142.87,129.67
2024-06-10,4.46800844664382,-0.4155677264461799,102.4523424723091,143.27,132.47
2024-06-11,4.4000978626389,-0.43288818616305047,102.8714228725343,141.45000000000002,127.86999999999999
2024-06-12,4.29366209974626,-0.4539580569695101,100.97123326219638,141.0,125.46
2024-06-13,4.23935830566755,-0.44806502877731,100.54199864135391,141.27,127.99000000000001
2024-06-14,4.21218802330559,-0.47216770399642005,102.0697348338179,144.29000000000002,132.6
2024-06-17,4.27797183983736,-0.48220599482417015,102.57095022792343,143.44,135.99
2024-06-18,4.21591452654725,-0.4854895196670803,102.07236422299393,143.63,135.15
2024-06-20,4.25264390123994,-0.47393998784027946,102.05284958866119,143.38,137.56
2024-06-21,4.25641691471577,-0.47257422825927975,102.86135701383641,142.6,137.54999999999998
2024-06-24,4.24668036152237,-0.4863224191567399,102.50293630160222,145.55,135.82
2024-06-25,4.23694865929796,-0.4520447595081398,103.44756228943946,145.22,136.34
2024-06-26,4.31473693433924,-0.4334523035611104,104.62952422738915,146.15,137.37
2024-06-27,4.28740450423156,-0.4276221774281401,105.77552860170162,148.92000000000002,138.47
2024-06-28,4.34205085845739,-0.3771649517733504,106.14375535824007,148.74,138.19
2024-07-01,4.47815413207154,-0.2930743487462699,107.41848080517644,154.19,147.18
2024-07-02,4.4345688092052,-0.3034649052148497,107.93431621237669,150.43,140.66
2024-07-03,4.34591520398256,-0.34534807746222995,107.01996940520115,148.07,135.97
2024-07-05,4.27152856892678,-0.3267846075535097,105.7931348240114,147.26,136.01000000000002
2024-07-08,4.26759987297293,-0.3483790372647295,103.90786287281031,146.98,136.28
2024-07-09,4.29783449130701,-0.3285338710709196,103.78804625142611,144.60999999999999,134.54
2024-07-10,4.27924766211075,-0.3512485625334003,103.23734641008335,142.4,133.53
2024-07-11,4.19170818504889,-0.31396723203778976,102.70322272488134,141.06,133.89
2024-07-12,4.18575764024482,-0.2730343043840193,101.77760618329408,137.3,131.5
2024-07-15,4.22744553630045,-0.22475739728788025,102.55019991193629,140.2,133.72
2024-07-16,4.16630366980014,-0.27719022595656995,102.00326248669165,141.75,136.07
2024-07-17,4.14499275196376,-0.28345191638586,102.0281426723531,141.24,136.23000000000002
2024-07-18,4.18750900388587,-0.2722643235535305,102.29733886316245,141.79999999999998,135.84
2024-07-19,4.23793841904899,-0.2676437912055505,104.04140154678298,144.70000000000002,134.89
2024-07-22,4.2593753108291,-0.26298726881829015,103.09628774167186,143.77,133.94
2024-07-23,4.23786962403994,-0.20366649344173027,102.79241037928284,143.57999999999998,133.71
2024-07-24,4.2847589636973,-0.13045188794832008,103.58456522629993,146.69,137.21
2024-07-25,4.25537734554676,-0.18666249174857974,104.18064235293649,145.94,136.64000000000001
2024-07-26,4.19872059068288,-0.18967867816837014,103.16119370958424,141.71,135.13
2024-07-29,4.17632483024707,-0.21001272980568952,102.71015260892098,141.33,135.63
2024-07-30,4.14040809142743,-0.21707634134422982,102.47596753677476,142.3,137.64000000000001
2024-07-31,4.10363152871149,-0.2321086007342199,100.80338117329237,142.18,137.63
2024-08-01,3.9769582369446,-0.1866416998115894,101.10812016141458,142.45000000000002,137.88
2024-08-02,3.79412075265613,-0.07642664461539006,100.98050307616083,134.49,129.32
2024-08-05,3.78180164624974,-0.10034259519476985,102.71710433112115,139.01,134.39000000000001
2024-08-06,3.88715479724467,-0.09614838982709006,102.21357732377984,143.45000000000002,141.82
2024-08-07,3.96562114455478,-0.03361783140867969,102.81723633549788,146.22,143.87
2024-08-08,3.99633641076253,-0.04680520325109949,102.58277553393557,142.99,138.61
2024-08-09,3.94074622509508,-0.11129711628604966,102.91990503887968,144.82999999999998,141.1
2024-08-12,3.90734443498628,-0.10679245104009016,103.04496047142116,146.99,144.01999999999998
2024-08-13,3.85317719888474,-0.08765902673856996,103.60424763785552,144.52,141.72
2024-08-14,3.8210015966694,-0.1254469596418999,102.54374365137213,142.35,138.26
2024-08-15,3.92546229698186,-0.17479603860850013,102.54557327993287,143.35,138.26
2024-08-16,3.89112575700978,-0.17430370928240002,103.19616250894481,140.56,134.87
2024-08-19,3.86543613280276,-0.20162893920241975,103.54164364887096,139.74,132.67
2024-08-20,3.81612992926918,-0.18322971011911005,103.38154883020665,140.34,131.72
2024-08-21,3.7755121900918,-0.14557585657553984,103.71619915712924,137.65,129.51999999999998
2024-08-22,3.86064365075413,-0.14813832767597024,102.83287479670356,140.0,133.05
2024-08-23,3.80560081568173,-0.10547147553045022,100.4158072875207,133.29999999999998,124.97
2024-08-26,3.81693273466031,-0.11459646995350026,99.240835850163,133.83,125.41
2024-08-27,3.8320759872096,-0.030127787088499947,99.92556671744323,131.57000000000002,123.39
2024-08-28,3.83964937489264,-0.026085598132830068,100.47190398468553,133.8,125.63
2024-08-29,3.86625763890919,-0.026152747325079773,100.453704661913,136.13,123.86999999999999
2024-08-30,3.91014085021176,-0.015670990411210006,100.90475723485741,137.34,124.8
2024-09-03,3.84334609714659,-0.04343095226375038,100.90867909999214,134.87,124.07999999999998
2024-09-04,3.76750058546372,-0.0018194846626902184,101.81661534373046,134.65,126.66999999999999
2024-09-05,3.73163380623406,-0.019103352233150073,101.58665865998674,132.22,127.71
2024-09-06,3.70892777693104,0.05964001470695024,100.07224346915542,132.66,126.81
2024-09-09,3.69760632443716,0.032987037753170245,98.67780903135497,129.8,125.22
2024-09-10,3.64321883687476,0.03568288102728978,98.52541232493132,126.46,120.22999999999999
2024-09-11,3.65250935761643,0.007908497601909925,98.23559428701584,124.61,117.74
2024-09-12,3.67868395302133,0.03219266970803014,97.7709637287629,127.33000000000001,120.85999999999999
2024-09-13,3.64853339589231,0.07340189492090987,98.0808319766718,124.72000000000001,115.44000000000001
2024-09-16,3.61949339574679,0.06547241398669001,97.27192719544453,120.44,113.94
2024-09-17,3.64092808624802,0.04965756322503978,96.93092793337672,121.83,115.16
2024-09-18,3.68589037959254,0.08546895350402028,97.12469700638206,125.16000000000001,121.07000000000001
2024-09-19,3.73862562709452,0.13530734805484013,97.17959597872584,120.35,114.9
2024-09-20,3.72717103134002,0.15399253488956033,96.44946618228938,122.61999999999999,117.41999999999999
2024-09-23,3.73563758063506,0.1606353674219001,96.09085387983427,125.63,122.29
2024-09-24,3.73465373827399,0.21715373848398034,96.33603603374618,124.32000000000001,121.57
2024-09-25,3.78011821058351,0.2280827099206002,96.06210857624457,128.84,128.51
2024-09-26,3.787695115065,0.16719889339149008,97.14429791323617,126.13000000000001,122.98
2024-09-27,3.74772678139941,0.18548050472214017,97.094205708597,125.44,121.51
2024-09-30,3.80092517012434,0.15060698099658998,96.56794096596285,129.45,124.25
2024-10-01,3.741968738614612,0.12226651724158089,96.6792741908575,128.61,121.93
2024-10-02,3.783732089817813,0.14748423727376547,97.2745354801986,127.69,121.05
2024-10-03,3.848649628344398,0.13608864804755116,97.98780111785548,131.07,123.6
2024-10-04,3.9798135511343915,0.0487239668210937,100.01717499690888,133.7,125.69999999999999
2024-10-07,4.0245923119824205,0.02314473183979704,100.92300959531303,137.29,130.32999999999998
2024-10-08,4.034378950830937,0.056317892153910254,100.57046856990462,135.17999999999998,125.77000000000001
2024-10-09,4.065703853198389,0.04939923396025403,100.83105719757143,134.67,127.71999999999998
2024-10-10,4.093207165111977,0.09615034230189012,100.93772348261598,136.35999999999999,130.81
2024-10-11,4.071780862900979,0.13216366082992348,101.58542473797033,134.42000000000002,128.35000000000002
2024-10-15,4.036554660866552,0.08164295341520278,101.92083301582281,138.97,134.5
2024-10-16,4.015088690798752,0.08068245180005551,101.50193371111584,137.67000000000002,132.72
2024-10-17,4.095489835131741,0.10984756826665176,101.76535657826103,141.84,137.0
2024-10-18,4.073990109813237,0.12147019311460738,102.0354588217268,142.81,137.95999999999998
2024-10-21,4.180711474596794,0.156433649635761,103.61421642180375,147.01,140.68
2024-10-22,4.204637006633451,0.16903062851385453,104.36582089914545,147.34,140.22
2024-10-23,4.24060758081238,0.15522047149731488,105.90153432276828,149.28,143.57999999999998
2024-10-24,4.200798388336124,0.13602100008553908,105.24987199008102,151.32000000000002,145.01999999999998
2024-10-25,4.23093546468221,0.13494815473509192,103.97550847114924,154.10999999999999,146.91
2024-10-28,4.277071897745187,0.13907189999029512,104.58388537706902,153.83,149.87
2024-10-29,4.273147129796996,0.15533851449675495,105.63072127191897,153.95000000000002,150.58
2024-10-30,4.2632051462669915,0.11045519203799792,104.98001654769362,151.07999999999998,146.3
2024-10-31,4.283366512404326,0.11931516251045515,106.45696461897272,153.57,147.85999999999999
2024-11-01,4.3623530950082365,0.1610919294639297,107.27335620236487,149.43,142.04000000000002
2024-11-04,4.307894778733157,0.1324861732810465,106.83040251436061,151.43,145.47
2024-11-05,4.287361159955532,0.08497707424287171,103.55189179489828,146.97,140.97
2024-11-06,4.424571791178695,0.15872192407306862,103.76468583108334,142.60999999999999,136.09
2024-11-07,4.341309995365306,0.12322757053845201,101.66035015540328,137.67000000000002,128.62
2024-11-08,4.307218042973315,0.05432033927080049,101.60390943088068,136.86,125.57000000000001
2024-11-12,4.4324425253148,0.09021209926066298,103.21392676043722,140.76,127.02
2024-11-13,4.450173416179437,0.16868347383470272,103.32183015947831,137.07,125.51
2024-11-14,4.418672634943065,0.1265038223453825,103.3509991927886,140.06,129.37
2024-11-15,4.42464060815544,0.1256099911209816,104.10673194930592,142.01,133.89
2024-11-18,4.412858708502937,0.12951157074607078,103.75955569711135,144.29000000000002,135.69
2024-11-19,4.376556125342508,0.10575183110659747,103.26287453544137,144.19,135.45000000000002
2024-11-20,4.405034634415713,0.09801764632647725,103.76998201236785,144.63,136.27
2024-11-21,4.430646521986968,0.08303276536931392,104.15867813698533,142.69,134.43
2024-11-22,4.409049996847259,0.041438933553463286,103.60565379611378,141.6,132.07999999999998
2024-11-25,4.262452834760663,0.012952834558006998,101.52433413825538,136.76999999999998,128.14000000000001
2024-11-26,4.3013483040338345,0.049412728985012144,102.00907746568319,138.81,131.15
2024-11-27,4.240106128674896,0.028388179707728334,101.4107537669352,137.87,131.51
2024-11-29,4.19264726494961,0.021107879189879775,100.75355754250289,137.87,132.54999999999998
2024-12-02,4.192622322987401,-0.004536291146542304,100.50832902746936,136.42000000000002,130.29999999999998
2024-12-03,4.219676991484565,0.04950054578024776,100.44457472242784,136.89,131.16
2024-12-04,4.180986288750029,0.06056590124546801,99.56141061140298,136.54999999999998,130.67
2024-12-05,4.180959254994492,0.03594991071681086,99.71177616784077,134.84,127.58
2024-12-06,4.150979908963873,0.05534924541409314,98.32274388960765,130.29,122.98
2024-12-09,4.197288871941426,0.0717867935098182,98.23482705421966,132.10999999999999,123.83999999999999
2024-12-10,4.219549524146168,0.0713651166850946,97.72000462060923,130.56,120.73
2024-12-11,4.270098035541315,0.11376254439117162,96.78009417607365,130.22,121.93
2024-12-12,4.322873662958306,0.13746603165778737,98.71345117849609,133.93,126.08999999999999
2024-12-13,4.397678555102491,0.1591472959801008,100.52207250137212,136.31,127.30999999999999
2024-12-16,4.397701188172889,0.1508221581671565,100.01534298862678,134.25,121.07000000000001
2024-12-17,4.383901174537579,0.14445461543368765,100.50212840088368,135.68,122.93
2024-12-18,4.496037874944606,0.14363484753673728,101.9527787629263,139.11,131.24
2024-12-19,4.569168576321578,0.251617015506846,103.56179018303683,137.95999999999998,130.28
2024-12-20,4.522208619413681,0.21091110919957057,103.52534962984274,137.32999999999998,129.5
2024-12-23,4.597608144587912,0.2500881445526524,104.56007984871755,138.0,130.7
2024-12-24,4.58464054933194,0.2563633264366958,104.7207212331019,137.87,130.29999999999998
2024-12-26,4.577655330672912,0.24628517118243387,104.87086890036466,136.45000000000002,129.39000000000001
2024-12-27,4.61823329587486,0.2940796281625646,104.93903138892729,134.20000000000002,125.64
2024-12-30,4.543703004493128,0.2906159262582326,103.52783940444048,136.73,129.04
2024-12-31,4.576030323610564,0.32615884244689664,102.73591596482036,135.29,127.76
2025-01-02,4.574079383123847,0.3273703506150758,102.29066258694228,138.44,132.93
2025-01-03,4.594472244125244,0.317877118363846,101.55948826978366,138.32,131.49
2025-01-06,4.614782030036344,0.3454860742964323,101.52000807045,135.8,128.98000000000002
2025-01-07,4.68397701663073,0.3897392893604428,102.16937549204754,135.68,129.89
2025-01-08,4.692231282563306,0.4032058926614912,102.93440787122,135.07,127.01
2025-01-09,4.680079034964145,0.41922904716880094,102.49535176176029,135.89,127.01
2025-01-10,4.772599733610049,0.37868636116756615,102.8367344539135,138.54999999999998,129.23
2025-01-13,4.802614455918977,0.40225344236326777,103.2558823680055,139.38,130.18
2025-01-14,4.787252465566085,0.4235986155515299,103.65373798874697,137.45000000000002,128.68
2025-01-15,4.652070319096797,0.38937089321550555,101.51205315462904,137.48,128.85999999999999
2025-01-16,4.605398494609171,0.3690473434215793,100.89058998829503,135.41,126.53000000000002
2025-01-17,4.609762767321205,0.33877451753103394,101.39860685020275,134.84,126.08999999999999
2025-01-21,4.573335401264757,0.2938880070233063,100.10817899787816,135.17999999999998,126.64
2025-01-22,4.59773258024444,0.3013040468961625,99.01886269822676,135.21,128.35000000000002
2025-01-23,4.636449758160009,0.3527693840910464,99.2837842578171,135.38,128.73000000000002
2025-01-24,4.622439609772511,0.35264374036457546,99.3059731751235,135.05,127.19
2025-01-27,4.527228333342193,0.3332283331347581,99.39060158289044,135.49,127.3
2025-01-28,4.547496659296194,0.34330855775420677,98.67754546682212,135.27,128.11999999999998
2025-01-29,4.553632885563746,0.32885155615225603,97.68481609637726,135.86,128.51999999999998
2025-01-30,4.511262942257507,0.31530925503122553,97.22895444301166,135.53,127.44
2025-01-31,4.566064315589389,0.32969446882965503,97.31849900930288,138.11,130.31
2025-02-03,4.541814596056027,0.27842176798440565,98.3152819745117,135.92,127.0
2025-02-04,4.511550579590502,0.2988482479691186,98.20059715637227,137.1,129.96
2025-02-05,4.41911401964851,0.23643801706320478,98.82305833406849,137.82000000000002,129.5
2025-02-06,4.43718917383895,0.23060402538829816,98.81775881780807,136.3,128.29
2025-02-07,4.485598472073155,0.2078621604898263,99.27606848030024,134.82,126.35000000000001
2025-02-10,4.493722199209181,0.22734487868392694,98.25937359314673,135.28,128.55
2025-02-11,4.536257452991474,0.24774406874461352,97.60495004200169,134.56,127.55000000000001
2025-02-12,4.632377621920022,0.2680764688088617,98.62086238171136,134.14999999999998,129.31
2025-02-13,4.523951010473913,0.21513685736853994,97.04118838312473,133.14,126.49999999999999
2025-02-14,4.475272355631543,0.2174319230542041,96.41665723756857,132.32999999999998,126.24
2025-02-18,4.543450842011653,0.24740934739990728,96.07488049429293,131.43,124.17
2025-02-19,4.533639901953417,0.26177677917783626,95.54888498303545,130.32,123.50000000000001
2025-02-20,4.4984767818254845,0.23388467363730747,95.02532252541542,128.92999999999998,122.08000000000001
2025-02-21,4.418719771521595,0.2281439995656669,95.780442427358,129.67,120.98
2025-02-24,4.391601847134687,0.23160184715704268,94.71384606360874,129.54000000000002,122.83
2025-02-25,4.297359768720276,0.20214449411253987,95.67159565435315,129.47,123.88
2025-02-26,4.247632781660348,0.17705067759669912,95.25669791436974,129.69,124.66
2025-02-27,4.284752494120523,0.20596096807467035,96.40473332215535,131.92,126.89999999999999
2025-02-28,4.228199652762877,0.23416051075410182,98.19448403939302,131.66,127.38000000000001
2025-03-03,4.177781085870151,0.19838004347307825,98.43300116535109,135.25,131.67
2025-03-04,4.208978562899038,0.2545478052593002,98.12943850611613,130.70999999999998,127.69
2025-03-05,4.265095884942468,0.28102824648294655,98.5913122778022,134.89,131.04
2025-03-06,4.280305660356898,0.31817096909415765,100.44893549442412,136.3,132.76
2025-03-07,4.317456169844501,0.31670914152204954,99.41761186819843,135.64000000000001,132.14
2025-03-10,4.212161059597761,0.31748754388577227,100.63514656933472,139.1,136.69
2025-03-11,4.286572963142335,0.34656428746354484,101.30868875950466,138.75,135.67000000000002
2025-03-12,4.315293149433415,0.321446733449009,100.83154289577725,136.64000000000001,132.62
2025-03-13,4.2748970845443015,0.32401963993297134,101.23519678600411,138.13,134.41
2025-03-14,4.307277610865742,0.29442839957696343,100.15691655250507,137.31,131.81
2025-03-17,4.305272865547165,0.25378760256401023,99.40002246383271,136.32,131.7
2025-03-18,4.2802113468702325,0.24043720861071716,99.34476484338454,136.53,133.8
2025-03-19,4.255198092351565,0.2786922190653307,97.70144835114498,136.42000000000002,133.18
2025-03-20,4.232144099792571,0.27692621647198035,98.09018626475323,135.3,132.09
2025-03-21,4.250997763364938,0.3039929511357169,97.88547759450945,137.79999999999998,134.49
2025-03-24,4.3297777361643845,0.294150056866858,97.46339269345935,138.22,131.34
2025-03-25,4.306552131060942,0.324552131117247,97.64525895827973,139.57999999999998,133.84
2025-03-26,4.337357723355768,0.3300081713829188,98.20401043455182,138.96,132.64000000000001
2025-03-27,4.368267400474658,0.37119272356294575,98.33202102035028,140.71,132.48
2025-03-28,4.254192895432996,0.34640164694200015,99.22608284034777,142.66,134.65
2025-03-31,4.244505700371312,0.3336451395966624,99.24802658281556,143.5,136.04
2025-04-01,4.15460821391872,0.29306223570230827,100.09621274156565,140.52,133.35
2025-04-02,4.194536299059148,0.29191941636241925,99.8718631471896,147.56,141.17
2025-04-03,4.053976607208199,0.33027106876266465,101.81083385968198,147.69,141.55
2025-04-04,3.9886807529588655,0.32130254914311207,104.0799887126232,149.82,146.14000000000001
2025-04-07,4.154889540238103,0.4198026889522808,107.58121758471937,153.79,150.36
2025-04-08,4.259154572550891,0.5232677923670996,108.16747141002713,160.17999999999998,157.88
2025-04-09,4.393707276613156,0.4485843924040509,104.87527926518152,152.66,151.22
2025-04-10,4.389749588719937,0.5443940684735247,106.55569611377116,156.92999999999998,155.92
2025-04-11,4.491491953649259,0.5409590161858211,108.46257278916023,156.28,157.14
2025-04-14,4.363207873924668,0.5317656893274711,106.22840698633547,156.79000000000002,155.99
2025-04-15,4.32234223922848,0.49518311898597833,104.13391265302738,156.07,156.15
2025-04-16,4.277750974615313,0.49253255246493044,103.26447802790209,158.37,156.82
2025-04-17,4.3258617363832235,0.5318393378206241,103.1919386938045,158.4,158.17000000000002
2025-04-21,4.403774732908952,0.6530353229416059,105.73618593740746,164.06,166.82999999999998
2025-04-22,4.388074599105613,0.6025745991459783,104.63729143331003,161.35999999999999,163.21
2025-04-23,4.386062681416255,0.5275065973766799,104.22940005357655,158.14,159.02
2025-04-24,4.304216467153375,0.5153330630650617,104.03511183805536,155.4,153.45
2025-04-25,4.265236695126349,0.5039847522135337,102.19184011967516,155.77,151.61
2025-04-28,4.214972159341496,0.532419248325962,102.08094788485525,156.13,151.41
2025-04-29,4.172591010755279,0.515557378660735,102.33588425200591,157.73999999999998,154.36
2025-04-30,4.174405655670746,0.5543092732365982,103.22731062260212,159.24,157.35
2025-05-01,4.229148418140871,0.5294613871363225,103.52857257572936,158.76999999999998,157.07999999999998
2025-05-02,4.31903162764669,0.4796159404200089,103.72603124187583,157.34,154.48
2025-05-05,4.3423564881137455,0.5039038084681011,104.17956353899689,156.89,155.54
2025-05-06,4.316009109988459,0.5281387254591197,104.26718961237091,157.41,153.48999999999998
2025-05-07,4.274206584221934,0.4842635403744513,102.77522316074851,155.70999999999998,153.56
2025-05-08,4.371599107122151,0.477935715670033,102.76550703915021,153.87,153.29
2025-05-09,4.37355626797304,0.4919666552382771,103.09876814644552,152.51999999999998,148.92000000000002
2025-05-12,4.45510401549698,0.45424365800024535,102.36854331960319,148.23999999999998,143.55
2025-05-13,4.497603607513061,0.4817801512732345,101.85831132686081,151.72,147.96
2025-05-14,4.527357295010873,0.4755181013204428,103.27420560639511,151.98000000000002,149.07
2025-05-15,4.454146385137419,0.4818257272385651,102.16581550794321,152.34,148.81
2025-05-16,4.43845185496141,0.45693070328272034,102.16784576259937,148.74,147.06
2025-05-19,4.4740279303187,0.4922376093656764,102.47361714508428,152.74,151.31
2025-05-20,4.4799998331857545,0.5106240894007348,102.28130772813601,153.10999999999999,150.61
2025-05-21,4.595530001347244,0.5793063777135989,104.64342147507388,153.61,151.45
2025-05-22,4.551622178719737,0.5541724579029639,103.83245307054347,158.12,154.07999999999998
2025-05-23,4.509993868759091,0.5241498816025012,103.24092398636319,157.28,152.39000000000001
2025-05-27,4.432769813307154,0.48626981319907836,100.302527826928,156.89,152.85
2025-05-28,4.478304746719617,0.48719690976690444,100.5228467290096,154.61,151.09
2025-05-29,4.422953840378079,0.48742232609399583,100.23855238900822,156.29,152.65
2025-05-30,4.4171077848671265,0.5041970390456143,100.23291600378167,154.92999999999998,151.91
2025-06-02,4.4606386095641,0.5168403817402787,100.59621213285416,156.35,152.89999999999998
2025-06-03,4.458690275104931,0.5024748636800354,100.52651057493466,155.26,152.26
2025-06-04,4.364008463123713,0.48823743933316255,100.26536581904688,155.18,152.29
2025-06-05,4.392549508343311,0.46931019060096446,100.35758717607831,154.32,152.19
2025-06-06,4.508573665344064,0.46786958500299214,100.07036689171579,151.87,148.71
2025-06-09,4.482732174672256,0.4803929105649445,100.00292704449326,152.48999999999998,148.88
2025-06-10,4.472830299245781,0.46307306521537495,99.4900877188036,150.12,147.29000000000002
2025-06-11,4.413402559645088,0.470273653249504,98.18083801857806,149.31,146.99
2025-06-12,4.356250191631514,0.4527181323275311,98.46981312771142,149.33,146.01
2025-06-13,4.423399998494873,0.4664680392078844,98.87567022993588,151.85999999999999,151.17000000000002
2025-06-16,4.4521858146859055,0.4846920328928874,97.42134902553713,150.34,148.82999999999998
2025-06-17,4.38983247734275,0.44222797649598666,97.52442564448369,152.17000000000002,149.79
2025-06-18,4.393826528592622,0.45454155843787314,97.08373020705469,151.04,148.75
2025-06-20,4.374136372829327,0.46749058525192266,97.27710649668339,152.09,149.37
2025-06-23,4.32098273323695,0.49257013401554817,97.32069316161724,151.48999999999998,148.92000000000002
2025-06-24,4.291558920352364,0.5100589202261538,96.60441919691537,149.29,146.2
2025-06-25,4.291559687258605,0.5139357856294269,96.12148983722342,148.07999999999998,144.66000000000003
2025-06-26,4.25242994506129,0.5382111165937826,96.12867279751096,145.56,143.03
2025-06-27,4.2817616771467355,0.543010542854947,95.5223933163942,147.3,145.04999999999998
2025-06-30,4.225071864786028,0.504808975026076,94.63798876775762,146.60999999999999,144.71
2025-07-01,4.24848482939268,0.47293936942375847,94.67533447399006,146.66,144.38
2025-07-02,4.2905884237103775,0.5027274580642214,94.74800933097825,145.16,143.14
2025-07-03,4.338832411429868,0.4578807217709353,94.0165958764717,142.60999999999999,140.01
2025-07-07,4.393263097646857,0.4914453513733945,93.56783860836346,145.62,142.35
2025-07-08,4.415138981897207,0.5079738277970516,93.59077346563701,145.48000000000002,141.71
2025-07-09,4.340847319379174,0.4803000779823856,92.26237453274055,144.20999999999998,141.35
2025-07-10,4.34481303356332,0.4779222119736004,92.12849453989648,143.98,139.76999999999998
2025-07-11,4.421266391525509,0.5080539284813943,93.00222281700526,146.23,141.35
2025-07-14,4.426280766659642,0.5296456337305306,93.32526978445107,146.44,142.33
2025-07-15,4.4882973542815074,0.5306743262674654,94.09379340067095,146.57,143.65
2025-07-16,4.454302284782657,0.5699532988112672,95.13513455257576,147.60999999999999,144.15
2025-07-17,4.462344833435544,0.5463282354565417,94.60334484408592,148.6,144.57
2025-07-18,4.430479692914703,0.5561205265368612,93.93668582402708,149.41,145.60999999999999
2025-07-21,4.368788524711643,0.5175266093261639,93.43330686210074,149.48999999999998,145.2
2025-07-22,4.335105101369666,0.5048765388739951,93.41046540347604,148.47,144.36
2025-07-23,4.386725422173499,0.5035096226837585,93.68129695704732,149.10000000000002,144.38
2025-07-24,4.406671857756224,0.4829984597610726,94.02233761039459,149.29,145.25
2025-07-25,4.384842641654389,0.4690998103599995,93.67792091473864,146.64,142.45000000000002
2025-07-28,4.418779211894839,0.4987792119588903,93.47912568980449,147.65,144.29000000000002
2025-07-29,4.326296951193294,0.4523212567380135,92.21489994594687,146.01,142.44
2025-07-30,4.376958099361763,0.4425047198062302,91.78843458592333,145.64,140.69
2025-07-31,4.359077138715714,0.409189620682306,90.76166287760978,144.52,138.98
2025-08-01,4.218832905927062,0.5156346141685768,90.52375227475575,146.69,143.32
2025-08-04,4.197245778567512,0.5169032231949955,90.82426043693513,145.82,143.54
2025-08-05,4.195272404137865,0.4802843081889199,89.66047669318682,141.94,138.78
2025-08-06,4.230592752124574,0.530276446654129,89.16902572614781,139.69,136.7
2025-08-07,4.243232223015553,0.5101983057973198,88.34812912001412,141.07,138.66
2025-08-08,4.281964583582945,0.5247732557522262,88.55433702801948,140.27,136.68
2025-08-11,4.271298822955653,0.5184595228067406,87.33512946927632,140.48000000000002,136.64000000000001
2025-08-12,4.2916702119868955,0.5618860994383459,86.49638800631888,139.12,135.26
2025-08-13,4.239366895030388,0.5534615676689567,86.7150617748862,137.83,134.3
2025-08-14,4.2916702119868955,0.5540326914365177,86.74328278373528,138.12,134.64000000000001
2025-08-15,4.325715598880237,0.5678464852089777,86.991874328224,138.71,134.5
2025-08-18,4.33742424070311,0.5650901011141269,86.64157351056113,139.71,134.51
2025-08-19,4.3013669291403875,0.5480905076948979,86.4231441456356,141.14,137.0
2025-08-20,4.295526450850196,0.552952910733322,86.31427691571456,141.39,137.84
2025-08-21,4.329627069503906,0.5388944160036973,86.81395821112572,139.18,134.95
2025-08-22,4.256644700223008,0.5697874492853239,84.92794180915757,137.27,132.65
2025-08-25,4.274108376077587,0.5453078639795583,84.16426304718696,137.02,132.18
2025-08-26,4.254680749322724,0.6126807495572102,84.95244025261462,135.17,130.45
2025-08-27,4.237218120363308,0.6153827206691904,84.95369138310613,136.62,132.0
2025-08-28,4.206244275305489,0.5721210324947967,83.79571422538501,137.26,133.20000000000002
2025-08-29,4.224543015772964,0.6027076160788463,84.17665243275606,136.25,132.01
2025-09-02,4.275022553199898,0.6183659215161703,84.78619846242255,138.38,134.21
2025-09-03,4.209983667349888,0.598512039514207,84.76679046911586,137.12,132.09
2025-09-04,4.175179160320421,0.5843184042614089,84.75409722354203,133.67,128.97
2025-09-05,4.084753805792428,0.5786386334676714,83.26777522511578,131.62,124.18
2025-09-08,4.044583044439481,0.5510342913562254,82.71580169804072,124.37,119.67000000000002
2025-09-09,4.073177932836616,0.5323667623430297,82.21313760072547,126.88,120.32000000000001
2025-09-10,4.031125835749283,0.49874212615799696,80.57364932001548,125.88999999999999,121.21
2025-09-11,4.0101246652573685,0.4820481125878042,79.9640878891767,122.99,119.22999999999999
2025-09-12,4.059538885504796,0.502862355837447,79.5393902448706,120.04999999999998,116.44000000000001
2025-09-15,4.0327438223475625,0.49910747975289826,79.5229684791314,116.49000000000001,113.26
2025-09-16,4.025056486170505,0.5165932131535511,79.61155444061839,117.63,114.45
2025-09-17,4.0747043810511485,0.529910222281087,79.06967295074429,116.09,113.36
2025-09-18,4.103447349361487,0.5368387528163403,79.1826026626659,125.58,121.02999999999999
2025-09-19,4.137999999186235,0.5570351037534684,80.0933086340982,121.55,116.89
2025-09-22,4.142792945988877,0.5429817087908231,81.5527379447181,125.42999999999999,123.15
2025-09-23,4.115756423688255,0.5482564236974863,81.56920469535171,125.57000000000001,124.22999999999999
2025-09-24,4.145626955067818,0.5486450392521371,83.49966961261994,125.03999999999999,122.55
2025-09-25,4.172689079603967,0.5102426424571713,84.34046458143919,125.38,123.77
2025-09-26,4.185225293091045,0.539154768274035,84.73458073537672,124.94000000000001,121.57
2025-09-29,4.139670694175727,0.5079237404083115,83.61441287784665,126.42,123.31
2025-09-30,4.149312394504443,0.546105216090099,83.10352049734375,125.79,123.25999999999999
2025-10-01,4.1048486625159875,0.5619739379434714,82.3028932534957,125.88,123.95
2025-10-02,4.089394611551756,0.5413816002473086,81.35759189870411,121.32000000000001,119.47000000000001
2025-10-03,4.11820852414867,0.5474861024016664,80.593226599449,122.28000000000002,120.39999999999999
2025-10-06,4.160772886850079,0.5652484499316377,81.49407036190625,124.93,124.36
2025-10-07,4.1258718331815265,0.5560746880961314,81.47105818191638,124.42999999999999,124.0
2025-10-08,4.129708386595414,0.5464190150323676,82.03494551215107,124.19,122.75
2025-10-09,4.147112954233954,0.5492548270769317,82.77835607870686,124.88999999999999,123.10000000000001
2025-10-10,4.049441845368957,0.5281935626719365,83.94880052315771,127.8,126.41
2025-10-14,4.0215402467022265,0.5450278297329296,83.26831899897948,122.32000000000001,122.25999999999999
2025-10-15,4.044534266774414,0.5399736183501798,82.5214641721923,122.85999999999999,122.42
2025-10-16,3.9754696781314727,0.5501408258611602,82.87731070707255,123.64999999999999,124.54
2025-10-17,4.006869497664372,0.5443005073361769,82.48156406498084,121.24,122.73
2025-10-20,3.986688878991234,0.5242052940328499,81.82616965090439,122.0,123.53
2025-10-21,3.9617603079688224,0.5077542214159285,81.6560149456023,120.85999999999999,123.32000000000001
2025-10-22,3.9521418289872647,0.5087344060175072,81.69591770365042,122.50000000000001,124.22999999999999
2025-10-23,3.9884172450777537,0.508300498669672,82.03840333795549,124.25,124.4
2025-10-24,3.9949452802343384,0.5118371269962392,81.23616079806652,120.61999999999999,121.93
2025-10-27,3.994885236672375,0.5023852367816506,79.8037085304392,119.24999999999999,121.49000000000001
2025-10-28,3.982355432029606,0.4894924128445468,79.91155682974883,114.22000000000001,116.46000000000001
2025-10-29,4.056384475833493,0.47268730277743876,79.31426712213856,118.97,118.31
2025-10-30,4.091165179052463,0.47884937312603926,80.19227714948958,119.95,119.54
2025-10-31,4.0997821105619865,0.4943337070631575,80.0060597120842,123.98,122.11000000000001
2025-11-03,4.1055720911669455,0.5061915454199943,79.22393865961939,121.75,120.83
2025-11-04,4.090006676720635,0.5080235737841114,79.33066922733542,121.55,121.61999999999999
2025-11-05,4.156149379112704,0.5256668529523925,80.03702702890068,123.4,122.86999999999999
2025-11-06,4.090902286362289,0.5263098463759652,80.68933022752972,122.55,120.81
2025-11-07,4.091762888832954,0.5353096683184337,81.01586907657091,122.96000000000001,121.22
2025-11-10,4.109195262620807,0.5194544003486219,80.92663511832252,126.94000000000001,123.61999999999999
2025-11-12,4.078999999976763,0.5141229360947417,81.40883955194302,126.46,123.78
2025-11-13,4.109533799449093,0.5217092596283437,81.74560599811595,127.84,126.99000000000001
2025-11-14,4.147282118756804,0.5341161687563178,82.6078524413796,127.82,126.37
2025-11-17,4.1317951228255465,0.5227009175954875,83.39528085260004,130.35000000000002,131.10999999999999
2025-11-18,4.120194120376892,0.5403404684917676,84.27456844133084,130.84,131.03
2025-11-19,4.129890286147624,0.5331694718980327,83.45686022204468,130.16,130.05
2025-11-20,4.102812758173684,0.5459230676720486,82.74258788317042,132.84,132.84
2025-11-21,4.062308884132495,0.549555562887428,83.03146773927512,129.34,126.55000000000001
2025-11-24,4.035368749611542,0.5488687497916769,81.23729674812192,128.35000000000002,124.86999999999999
2025-11-25,4.000819755382278,0.5432015813113793,80.76292246581747,124.05999999999999,122.33000000000001
2025-11-26,3.9969639357137066,0.5168665961513872,80.74916612599922,124.07999999999998,123.07
2025-11-28,4.017080398285209,0.5267611888338726,80.54055489888532,124.0,123.03
2025-12-01,4.095188349007166,0.5555915244672733,81.30327219599992,126.66,125.77000000000001
2025-12-02,4.087455795082281,0.5723032680051618,81.04804201092253,120.73,120.57
2025-12-03,4.056543431539201,0.5720424944996676,80.77634536973204,119.49000000000001,119.12
2025-12-04,4.105880644003466,0.5760348046497943,80.77492191187861,121.38,121.33
2025-12-05,4.137989899577883,0.5745757082853911,81.59693870906922,121.85999999999999,120.02999999999999
2025-12-08,4.171162463655898,0.5899348377196407,82.85714869267382,124.4,123.82
2025-12-09,4.184875322589545,0.573329358313531,82.73992887930375,123.51,124.14
2025-12-10,4.163406162841758,0.6014213525647603,81.36684818760716,121.53,123.33000000000001
2025-12-11,4.140022899315151,0.6110623009546656,80.34729725784213,117.94,118.51
2025-12-12,4.19385191309005,0.6643748473241682,80.45092132980373,122.15,125.2
2025-12-15,4.181151102155849,0.6744595176345931,80.58395074456168,122.94,125.36
2025-12-16,4.147940837121556,0.6703476829583486,79.26476283836813,118.97999999999999,121.54
2025-12-17,4.149918348059475,0.6659468627484131,79.14280220557897,118.82,120.39
2025-12-18,4.114838505340873,0.6558727293287259,78.08452811212285,115.5,116.29
2025-12-19,4.150020114498223,0.6655854374914782,77.69771990322587,115.6,117.0
2025-12-22,4.169617381514055,0.6686173813874401,77.6382202506049,112.07000000000001,115.95
2025-12-23,4.167688600207533,0.6407096839379722,77.65639016722625,113.49000000000001,114.56
2025-12-24,4.1325296982580735,0.623940569004342,77.640396152933,109.99000000000001,111.03
2025-12-26,4.132597971452548,0.6515780831346305,77.19495401833262,112.14999999999999,112.38
2025-12-29,4.115039772259669,0.6513687984747936,77.25852524493845,112.52,113.53999999999999
2025-12-30,4.126779300328056,0.6733101452850496,76.87239607982205,112.51,113.61000000000001
2025-12-31,4.152274045076331,0.6843559522277944,78.00077026240723,109.68,110.41000000000001
2026-01-02,4.187724320360476,0.7113340052112154,77.03802859856597,112.21000000000001,113.46000000000001
2026-01-05,4.162201853557488,0.7083416776791998,76.42726583138426,110.11999999999999,111.42
2026-01-06,4.17795793699418,0.7054934259512375,74.1958240902959,111.06,110.07000000000001
2026-01-07,4.13675550401814,0.6683236341927072,73.83050193389059,111.41000000000001,111.00000000000001
2026-01-08,4.181964564081197,0.6948514776053987,73.99423585610158,112.45,112.21000000000001
2026-01-09,4.170259729984331,0.6309025633573992,73.52379114642038,94.48,99.44
2026-01-12,4.1860519012987725,0.6402676908648912,73.39879946889626,95.53,101.96000000000001
2026-01-13,4.170327858203003,0.643092900454695,72.48109855572288,96.93,102.66
2026-01-14,4.138902045371099,0.6260890662021712,71.78527865658486,97.58,105.96000000000001
2026-01-15,4.158585438143167,0.5954966361900942,71.24647503712484,95.17999999999999,104.84
2026-01-16,4.229846342499954,0.632233290362517,72.59664534648311,95.88,103.39
2026-01-20,4.293543245979025,0.6977638791218075,76.10518279781583,97.72999999999999,104.88
2026-01-21,4.251785174787245,0.6557354724776259,74.1513776959674,97.19,102.10999999999999
2026-01-22,4.249851670916388,0.6366360875623855,72.5020715645438,97.89999999999999,102.62
2026-01-23,4.237093748882878,0.6335892748215444,71.93622366118407,100.53,101.29999999999998
2026-01-26,4.210354293126903,0.6201514729051012,71.13128102927794,96.56,99.89
2026-01-27,4.222301563206234,0.6538317305350527,70.2541191690075,94.77,98.06
2026-01-28,4.250179054042361,0.6688264041338416,71.05443811790789,94.25,97.41
2026-01-29,4.2263710574112245,0.6764864856695856,72.03822601502193,95.92,97.77
2026-01-30,4.240444781364365,0.7149644702580904,72.5600949070158,99.75,100.96000000000001
2026-02-02,4.276393807369083,0.7089025275127607,73.44358536214266,98.54,99.94
2026-02-03,4.2724607057201744,0.7018415669008919,73.32554046144689,101.28999999999999,100.15
2026-02-04,4.276518401088516,0.718183643562873,73.44808863630519,103.02,102.78
2026-02-05,4.208833777283382,0.7265581203011537,74.70875977780213,105.81,106.58000000000001
2026-02-06,4.205001413656243,0.7105387444483418,74.16731100970787,100.72000000000001,101.14000000000001
2026-02-09,4.197102001470006,0.715082782765891,74.1911564092471,102.42,102.19
2026-02-10,4.143652955240477,0.6906464394528915,74.22121605859975,102.12,104.41
2026-02-11,4.180146389211559,0.6692450145969762,73.49062611342733,103.22,103.84
2026-02-12,4.102874610617692,0.6376339881515651,74.83173498893892,101.92000000000002,105.33999999999999
2026-02-13,4.054998780021819,0.6463397974882854,75.3029455778013,102.35000000000001,107.18
2026-02-17,4.053058673595049,0.6174520212729973,74.91692945557756,103.77000000000001,109.24000000000001
2026-02-18,4.0798192667321125,0.6213535746433592,74.36274139172586,103.34,107.60000000000001
2026-02-19,4.074047958716294,0.6052091767373002,74.43407048251191,104.36000000000001,109.69
2026-02-20,4.083562321719609,0.6044441248503389,74.15333624126289,100.97,106.46
2026-02-23,4.02613301526315,0.5870573234771874,75.45604944737357,102.27999999999999,108.60000000000001
2026-02-24,4.031826191463607,0.576800616977188,75.51090345262882,104.64,110.65
2026-02-25,4.047085821954598,0.5771242538837984,74.3433257329044,104.99000000000001,108.48
2026-02-26,4.016486212879452,0.5690272331807913,74.20846370525292,106.94999999999999,110.96999999999998
2026-02-27,3.9611609221178803,0.5831776414345873,76.86452044474915,109.64,114.66000000000001
2026-03-02,4.050769778490225,0.5653532474268488,77.44707405446735,111.9,115.93
2026-03-03,4.056491969510752,0.5576268864593055,78.69776395584971,112.7,113.38
2026-03-04,4.081425551843665,0.5402722598421135,76.02884940473511,109.89,109.65
2026-03-05,4.145048829854145,0.5470115587536659,78.59758839865417,110.99000000000001,108.63000000000001
2026-03-06,4.131487067212698,0.5761578501668474,81.37598747711026,113.17999999999999,108.45
2026-03-09,4.133411606687519,0.542639789948467,81.86730354581401,112.77,109.28999999999999
2026-03-10,4.135337516511122,0.5671523922103274,79.3858576679268,111.35999999999999,105.95000000000002
2026-03-11,4.205232856507525,0.571311900465906,81.0017903567032,114.97,103.01
2026-03-12,4.270726269751425,0.5102081525136453,85.7619167383395,119.38,114.92
2026-03-13,4.2835557140756375,0.5509731708653187,85.31114203652311,122.2,119.64999999999999
2026-03-16,4.218933927175947,0.5404789255360578,82.45892802653748,119.67000000000002,117.58
2026-03-17,4.2013793058971345,0.5309520234484362,80.90030543064843,116.21999999999998,111.85000000000001
2026-03-18,4.256145867812386,0.5148542385831663,81.93973175363433,119.64999999999999,114.13
2026-03-19,4.281692902338443,0.4502089092071411,83.08275399851723,121.02999999999999,116.3
2026-03-20,4.390535362387186,0.49783660285210374,90.75935192989706,128.48,120.7
2026-03-23,4.33407312145291,0.5044989977559857,88.45369912298695,126.07,119.19999999999999
2026-03-24,4.389642611811211,0.45614261191490124,89.78988985589072,130.98000000000002,125.58
2026-03-25,4.327227487657188,0.4471055762846241,85.90255243285452,124.79,119.71000000000001
2026-03-26,4.414641421181582,0.4319472652528149,90.06391840529797,128.78,121.35000000000001
2026-03-27,4.438785181020796,0.5238173645029929,91.45533931519098,129.58,120.74000000000001
2026-03-30,4.341279700439916,0.5143945437762087,89.6028010301027,127.71999999999998,119.57
2026-03-31,4.309649658261509,0.5115547074115949,85.89779940412217,124.56,117.46000000000001
2026-04-01,4.319573155386812,0.5175303010573127,82.64483769003265,121.41999999999999,114.77999999999999
2026-04-02,4.311695918177596,0.5139060057607834,82.46053688355916,117.6,110.96
2026-04-03,4.344507054030772,0.49561904286966785,82.61261360521074,116.21999999999998,109.50999999999999
2026-04-06,4.333634555242154,0.4858637224520228,82.57152484280505,115.68,108.52
2026-04-07,4.341614522983113,0.5094421909198599,82.86455135530355,121.12,113.82000000000001
2026-04-08,4.290147310488818,0.4984409757804267,79.92213520790115,113.44000000000001,105.75000000000001
2026-04-09,4.292155581589734,0.5099281391870232,78.83243466295836,113.19,104.94000000000001
2026-04-10,4.316020448168423,0.5155859477917368,78.90105483503086,111.94,102.63
2026-04-13,4.296243104997667,0.5167782722570622,78.83061248936592,111.1,99.46000000000001
2026-04-14,4.2547760479247225,0.5046594999437413,76.42449969462729,110.33999999999999,98.7
2026-04-15,4.27850048397144,0.5150340039687427,76.48497424851284,109.60000000000001,99.24
2026-04-16,4.30823720489812,0.531380239183795,76.44930195583915,109.32,98.37
2026-04-17,4.243059029176942,0.5443021481181161,75.38754322755321,107.1,96.52
2026-04-20,4.249001743878108,0.5337404812160376,75.83690460772364,109.96999999999998,98.77
2026-04-21,4.290569093141933,0.5124826548623815,76.93796854181048,112.7,102.39
2026-04-22,4.29258562935471,0.4999185236373407,76.41019794466168,109.74999999999999,99.64
2026-04-23,4.322413109094135,0.4982253093584741,77.21321170142944,111.44000000000001,101.34
2026-04-24,4.30861441085275,0.5335046294087764,77.01205265933686,109.75999999999999,98.09
2026-04-27,4.334531361587996,0.5315313616080939,76.91651587876945,110.28,98.0
2026-04-28,4.35253307872535,0.5093561126273856,78.3833786335264,111.67,100.75
2026-04-29,4.414681644407783,0.48325299292462676,81.20260061285349,112.62,103.2
2026-04-30,4.388653240153642,0.5053551134438545,80.65127687789065,116.46000000000001,106.96000000000001
2026-05-01,4.376798160137618,0.4900297761412702,81.10389922339391,114.99999999999999,103.08999999999999
2026-05-04,4.445214964311712,0.4838833868017698,83.40643639443363,117.95,105.96000000000001
2026-05-05,4.415065960875066,0.4793984731621741,82.50157593771623,116.04,104.32999999999998
2026-05-06,4.352931996757162,0.48233299885409187,79.65347022890481,113.69,100.97
2026-05-07,4.393078474380509,0.4746610280245709,78.97780907581541,114.19,103.08
2026-05-08,4.363152945491331,0.47128293349241446,77.74150462200195,112.47,101.84
2026-05-11,4.411429536441717,0.46517188317753977,77.53867976430223,110.03,99.99
2026-05-12,4.469471807177393,0.4748904783695669,78.35308781326961,113.77999999999999,104.14000000000001
2026-05-13,4.477662587163806,0.48908700863783316,78.87707739987871,114.51,104.01
2026-05-14,4.4580298994399215,0.467082510768964,77.92501914316254,112.45,101.46
2026-05-15,4.594344077544065,0.5118787177391644,83.36128005977694,115.57,105.24
2026-05-18,4.622255859056915,0.5330452997576147,83.9066841094639,120.22999999999999,109.63000000000001
2026-05-19,4.668268420200909,0.5468764553063554,85.55046989499553,118.94,109.75999999999999
2026-05-20,4.5686043988229255,0.5315306979590586,83.50609141384346,115.9,108.86
2026-05-21,4.581542384297732,0.49533259413706876,82.9473490638751,114.16,107.01
2026-05-22,4.570724968228557,0.44549230953703667,82.57298623171285,114.05000000000001,107.11999999999999
2026-05-26,4.489572774469613,0.44207277464380823,79.35331497298439,113.46000000000001,106.80000000000001
2026-05-27,4.479724146779306,0.4479248537622471,78.27495686897628,112.26,105.99000000000001
2026-05-28,4.454136643367834,0.4305605334628009,77.3238220757521,111.25,104.50999999999999
2026-05-29,4.452179813487916,0.4388803781719952,77.35193283623883,109.26,103.67999999999999
2026-06-01,4.474838073951093,0.4245210293452981,78.44461453073839,111.09,104.77000000000001
2026-06-02,4.454155525496903,0.4038282274613296,78.07731725916663,110.59,103.28
2026-06-03,4.48966293906376,0.4062719015477345,79.24731396446285,110.13,102.4
2026-06-04,4.474864338976354,0.4265821743070459,78.77348916220514,110.03,102.47
2026-06-05,4.535291969076209,0.37473899832300894,81.04809044354849,113.04,104.63
2026-06-08,4.549228911645183,0.39268463940081144,80.49267729924723,111.21000000000001,102.71999999999998
2026-06-09,4.527393012503553,0.4040662682662468,80.688655801632,112.29,104.14000000000001
2026-06-10,4.539335879446747,0.4138095394374055,81.64338320466109,109.98000000000002,101.8
2026-06-11,4.464067853850072,0.3948328295447423,80.27781069508609,108.60000000000001,102.06
2026-06-12,4.483867021510664,0.40087760386108506,79.96357025597064,109.45,102.76
2026-06-15,4.468054068177777,0.40494309286556174,77.58936303666239,106.22,99.72
2026-06-16,4.4266246766567825,0.3802843678219858,77.16335637583836,105.62,99.24
2026-06-17,4.462142479950983,0.3020564474044587,77.23873871364506,111.21000000000001,104.97000000000001
2026-06-18,4.450316141129315,0.2725871990359545,77.8445496846345,108.87,102.73
2026-06-22,4.505808072170461,0.27687715527707724,78.79128195329154,109.36999999999999,103.22
2026-06-23,4.491925598030436,0.2944255978372885,78.14779635819863,108.78000000000002,103.32
2026-06-24,4.399053440844795,0.26275015740700436,76.7431613146064,109.19000000000001,104.32999999999998
2026-06-25,4.39118029837747,0.271317130669094,76.79616364490268,106.02000000000001,102.27999999999999
2026-06-26,4.371504336540136,0.28450175384088183,76.83068426168458,107.82000000000001,103.71999999999998
2026-06-29,4.3734602653321994,0.2659228854801272,76.68836531791246,107.1,103.10999999999999
2026-06-30,4.420729188920352,0.2824129350752793,77.48446366768144,106.76,101.69
2026-07-01,4.474183912118589,0.31117216938372394,77.68698134745905,109.89,104.85
2026-07-02,4.4782146291633556,0.3483880759868665,77.35842759735979,107.91999999999999,102.62
2026-07-06,4.47823022952663,0.3546747097488332,76.1815240723488,108.2,103.95
2026-07-07,4.527066434779162,0.36617961908089836,77.5958412534761,107.39000000000001,101.58
2026-07-08,4.566120100333984,0.3656874070617757,78.62096242316463,107.80000000000001,101.88
2026-07-09,4.538115440266395,0.37724446888154617,77.88291146654704,108.63000000000001,102.42
2026-07-10,4.56826996554102,0.361374196920627,78.50930800331972,109.65,102.4
2026-07-13,4.607528165086606,0.34602436370456147,79.68481644799219,111.26,103.0
2026-07-14,4.583414879908709,0.3911014198762155,79.16599103144242,108.21000000000001,100.89999999999999
2026-07-15,4.5443055376267445,0.41810261101844226,77.44289835320379,109.66,102.64
2026-07-16,4.568417893323962,0.4138897326708344,77.96231375044518,111.35,104.84
2026-07-17,4.540424048161655,0.3690356624255786,78.37174777174785,110.55999999999999,104.4
2026-07-20,4.595748861620649,0.38203500402178747,78.58989544569788,111.41000000000001,104.41
2026-07-21,4.6270923038763385,0.3666535116175753,79.26151624751371,111.55999999999999,102.16000000000001
2026-07-22,4.655499506680718,0.35453914533236386,80.53830177041625,113.35,102.91999999999999
2026-07-23,4.701298075643915,0.34367870898418307,82.51710458693861,115.39999999999999,105.0
2026-07-24,4.677067812739042,0.34860858001807227,81.84474816378122,115.87,104.74000000000001
2026-07-27,4.639560870563013,0.31890266819042434,80.92665529042026,115.21999999999998,104.65
2026-07-28,4.603179900425113,0.32847680509367727,80.5403926962323,113.65,104.63
2026-07-29,4.621434180080806,0.3868661118712744,81.86676801239695,113.32,104.35000000000001
2026-07-30,4.66206594489837,0.4346974711172775,82.47251306116944,113.99,104.86
2026-07-31,4.743929933292866,0.4548471586320142,84.1773287811561,115.61999999999999,107.27
2026-08-03,4.682677632431211,0.42775652396824704,83.06202180300976,117.93,109.79
2026-08-04,4.625804193676211,0.4330381031091184,81.72860371260529,115.14,108.71
2026-08-05,4.615720053583209,0.43758416747895,81.35787721285196,114.58,107.66
2026-08-06,4.66860803332785,0.42527089243834304,82.26502758018584,114.71000000000001,106.52
2026-08-07,4.656576537789215,0.4540695774424366,80.92352309765141,113.32,106.16000000000001
2026-08-10,4.69744967106635,0.46064212367864243,81.5784077286301,114.66000000000001,106.02000000000001
2026-08-11,4.683216193479052,0.46632965533773874,81.19678381272456,115.04,106.56000000000002
2026-08-12,4.688742126161797,0.49077352380952366,80.05213618513099,112.08,103.43
2026-08-13,4.638763976634427,0.4994881601802623,79.1662962751465,110.08,103.73000000000002
2026-08-14,4.695136202484709,0.5249713351408305,80.67000723078498,109.16,103.75000000000001
2026-08-17,4.722941845416152,0.5424195941295009,81.20593984909955,112.48,105.43
2026-08-18,4.7050558564406355,0.5309960930546254,81.57206626001451,115.38,107.85
2026-08-19,4.651558782051186,0.4734337866386982,80.52494610976495,110.47,105.72999999999999
2026-08-20,4.697110926425277,0.512796818912773,81.37738230554994,111.83000000000001,106.08999999999999
2026-08-21,4.736912975023348,0.5052734830660333,81.97160598532498,112.44000000000001,106.41000000000001
2026-08-24,4.70306802878554,0.4683128297122634,80.91818638239891,114.06,108.1
2026-08-25,4.637650514625964,0.4356505144628873,79.41826131276041,110.1,105.71
2026-08-26,4.662374260163142,0.43965271606598666,78.88848919256759,113.17999999999999,106.94
2026-08-27,4.670296243202308,0.43933494090531067,78.21640408765734,110.75,104.0
2026-08-28,4.721004091735324,0.37244715525530214,78.67549565845879,112.47,104.89999999999999
2026-08-31,4.756970328795557,0.40818081258753747,79.49158728731791,111.75999999999999,106.01
2026-09-01,4.794079178561005,0.40153231946387447,81.48150164124579,112.03,106.96000000000001
2026-09-02,4.793095847311237,0.4085610033630651,81.65742138730606,112.99,107.63000000000001
2026-09-03,4.761016174141788,0.4281327651159783,80.97857886866046,111.09,105.82000000000001
2026-09-04,4.782148984047465,0.40454108955391543,80.48493370861353,111.7,106.16000000000001
2026-09-08,4.803288461075598,0.40656795151094105,81.32063637080601,111.97999999999999,106.94999999999999
2026-09-09,4.835583341685883,0.4092049487707765,81.95059402989584,112.67,107.43
2026-09-10,4.94324094777158,0.3945332777555617,85.903422040162,114.22000000000001,107.06
2026-09-11,4.97408499141622,0.3306863409658467,85.88684394611062,116.53999999999999,111.29
2026-09-14,4.959815919318036,0.32638363162574624,86.81335695992533,116.04,112.47
2026-09-15,4.994720030699652,0.3330278400689499,87.5204294773125,119.17999999999999,115.28
2026-09-16,5.0030040471972805,0.2777937027987898,85.87175905944942,118.66000000000001,114.45
2026-09-17,4.944651202394219,0.2560253357036162,85.15500586271581,116.28,114.31
2026-09-18,4.995056686268015,0.252856975716667,86.93252681898662,116.92,113.7
