agency,structure,series_key,latest,perf_5d,perf_20d,perf_40d,corr_all,corr_obs,corr_20d,corr_40d,corr_60d
FN,FN 6.5/5.5,fn_6.5_5.5_wide_swap_perf_32nds,3.775541109996464,2.396748556209518,-0.31105169759862505,0.24773347616573105,0.5143080146729633,748,0.22795946296409436,0.23523232609672465,0.2812183920633866
FN,FN 6/5,fn_6_5_wide_swap_perf_32nds,4.935586686416953,4.535302007928597,5.721674724421559,6.312852577639331,0.48456239609355306,748,0.37024922036211705,0.6051860280060309,0.5782439940858869
FN,FN 5.5/4.5,fn_5.5_4.5_wide_swap_perf_32nds,2.0574947397273275,0.7476673843971748,-3.220365093904709,-1.5832714037401683,0.3840489559454965,748,0.23853307504283067,0.43827377776206383,0.4064662942325377
FN,FN 5/4,fn_5_4_wide_swap_perf_32nds,1.1875742324362242,0.1727712189154178,-6.911011765629533,-7.480719749408267,0.21350295542681696,748,-0.09871779320837137,0.10585296445329595,0.11141742116903905
FN,FN 4.5/3.5,fn_4.5_3.5_wide_swap_perf_32nds,0.8673689941613123,1.4845065098390307,-6.679386981965811,-7.795679142430698,-0.03542542816507428,748,-0.05325674127712883,0.06800188369480287,0.11098814228653578
FN,FN 4/3,fn_4_3_wide_swap_perf_32nds,-1.365384433684032,-3.541939322100797,-10.105843271000689,-9.672363873313538,-0.21248545080085243,748,-0.09978679384560175,-0.10581826703823358,-0.1383785155264457
G2,G2 6.5/5.5,g2_6.5_5.5_wide_swap_perf_32nds,3.5784471369358952,-8.901922113721636,0.7759444580622521,-0.4805575799989841,0.37791015833919944,748,0.46352217255613815,0.35848145610575183,0.23338205185042055
G2,G2 6/5,g2_6_5_wide_swap_perf_32nds,4.057525243042717,3.199285315183923,-2.139034732778004,-8.838021081105515,0.46339506780686723,748,0.2924492669764601,0.5756212829750957,0.5579552989436358
G2,G2 5.5/4.5,g2_5.5_4.5_wide_swap_perf_32nds,2.6032502393230716,1.6158717695417621,-4.380279640147352,-5.932853230140543,0.4717715624739932,748,-0.032206275863631055,0.2939305107580089,0.28753087371411834
G2,G2 5/4,g2_5_4_wide_swap_perf_32nds,-1.0293834217989115,-4.002426907565947,-11.247668014344937,-9.179744779772179,0.24031266276818683,748,-0.416257692550663,-0.38483420568576676,-0.2984663649909112
G2,G2 4.5/3.5,g2_4.5_3.5_wide_swap_perf_32nds,0.08880280983148836,-1.8591010344688441,-8.315009254092901,-16.90313393558629,-0.07000699689271002,748,0.005477093825507265,0.004773613415524333,0.14693152156969774
G2,G2 4/3,g2_4_3_wide_swap_perf_32nds,-0.707650302377536,-3.9900934896888614,-11.324551786684545,-17.05968461160126,-0.1637883812062222,748,0.273000270454156,0.2707969347371569,0.1739913713716432
